Sub,Crse,Sec,Day,Time,Room,Instructor
ACC,201,01,T,04:00 pm-06:45 pm,GODDAR 223,"Misiko, C (P)"
ACC,201,02,TR,09:30 am-10:45 am,SCIENC 137,"Guo, M (P)"
ACC,201,03,TR,11:00 am-12:15 pm,SCIENC 137,"Guo, M (P)"
ACC,202,01,M,04:00 pm-06:45 pm,WEBB 216,"Misiko, C (P)"
ACC,301,01,TR,02:00 pm-03:15 pm,GODDAR 216,"Guo, M (P)"
ACC,302,01,TR,11:00 am-12:15 pm,SCIENC 132,"Foy, L (P)"
ACC,303,01,W,04:00 pm-06:45 pm,WEBB 315,"Guo, M (P)"
ACC,311,01,TR,09:30 am-10:45 am,SCIENC 115,"RuJoub, M (P)"
ACC,410,01,R,04:00 pm-06:45 pm,WEBB 113,"Capalbo, H (P)"
ACC,411,01,T,04:00 pm-06:45 pm,WEBB 113,"Vail, M (P)"
ACC,412,01,M,04:00 pm-06:45 pm,WEBB 315,"Green, B (P)"
ACC,416,01,TR,12:30 pm-01:45 pm,SCIENC 132,"Foy, L (P)"
ACC,420,01,TR,11:00 am-12:15 pm,SCIENC 115,"RuJoub, M (P)"
ACC,480,01, ,TBA,TBA,TBA
ACC,490,01, ,TBA,TBA,TBA
ACC,492,01, ,TBA,TBA,TBA
ACC,520,E25, ,TBA,TBA,"Vail, M (P)"
ACC,531,E25, ,TBA,TBA,"Capalbo, H (P)"
ANT,106,01,TR,09:30 am-10:45 am,WEBB 110,"Shepard-Torres, R (P)"
ANT,125,01,TR,02:00 pm-03:15 pm,WEBB 112,"Leiss, A (P)"
ANT,201,E25, ,TBA,ONLINE,"Couture-Palmerino, P (P)"
ANT,221,E25, ,TBA,ONLINE,"Leiss, A (P)"
ANT,222,E25, ,TBA,ONLINE,"Couture-Palmerino, P (P)"
ANT,302,01X,TR,09:30 am-10:45 am,GODDAR 223,"Carroll, S (P)"
ANT,337,01,MWF,08:00 am-08:50 am,WEBB 214,"Williamson, E (P)"
ANT,345,01,MWF,09:00 am-09:50 am,WEBB 215,"Williamson, E (P)"
ANT,364,01,TR,11:00 am-12:15 pm,SCIENC 116,"Shepard-Torres, R (P)"
ANT,365,01,TR,11:00 am-12:15 pm,SCIENC 432,"Leiss, A (P)"
ANT,400,01,W,04:00 pm-06:45 pm,WEBB 317,"Leiss, A (P)"
ANT,480,01, ,TBA,TBA,TBA
ANT,490,01, ,TBA,TBA,"Leiss, A (P)"
ART,110,01,MW,09:00 am-11:45 am,FAIC 328,"Guarino, B (P)"
ART,110,02,TR,09:30 am-12:15 pm,FAIC 326,"McKee, M (P)"
ART,111,01,MW,09:00 am-11:45 am,FAIC 125,"Elia, A (P)"
ART,111,02,TR,12:00 pm-02:45 pm,FAIC 125,"Greene, R (P)"
ART,122,01,TR,04:00 pm-06:45 pm,FAIC 327,"Opie, D (P)"
ART,124,01,TR,09:30 am-12:15 pm,FAIC 327,"Chen, T (P)"
ART,140,01,TR,09:30 am-10:45 am,FAIC 305,"Pinckney, S (P)"
ART,140,02,TR,12:30 pm-01:45 pm,FAIC 305,"Franco, B (P)"
ART,140,03,TR,04:00 pm-05:15 pm,FAIC 305,"Beeby, C (P)"
ART,202,01,TR,04:00 pm-06:45 pm,FAIC 331,"Liu, Q (P)"
ART,202,02,MW,09:00 am-11:45 am,FAIC 331,"Moran, R (P)"
ART,202,03,TR,09:30 am-12:15 pm,FAIC 331,"Guild, C (P)"
ART,205,01,TR,12:30 pm-03:15 pm,FAIC 331,"Liu, Q (P)"
ART,212,01,MW,04:00 pm-05:50 pm,FAIC 305,"Cariddi, K (P)"
ART,212,02,TR,02:00 pm-03:50 pm,FAIC 305,"Franco, B (P)"
ART,213,01,TR,04:00 pm-06:45 pm,FAIC 330,"Kim, S (P)"
ART,214,01,W,09:00 am-11:45 am,FAIC 330,"Bisantz, J (P)"
ART,215,01X,MW,09:00 am-11:45 am,FAIC 323,"Rahmanifar, A (P)"
ART,217,01,TR,04:00 pm-06:45 pm,FAIC 125,"de Sousa, D (P)"
ART,219,01,M,12:00 pm-02:45 pm,FAIC 326,"Liu, Q (P)"
ART,219,02,T,09:30 am-12:15 pm,FAIC 328,"Bartone, K (P)"
ART,219,02,T,09:30 am-12:15 pm,FAIC 323,"Bartone, K (P)"
ART,230,01,WF,12:00 pm-02:45 pm,FAIC 247,"Toczylowski, B (P)"
ART,233,01,MW,01:00 pm-02:50 pm,FAIC 115,"Petrikovsky, H (P)"
ART,235,01,F,12:00 pm-02:45 pm,FAIC 125,"Greene, R (P)"
ART,235,03,M,12:00 pm-02:45 pm,FAIC 125,"Elia, A (P)"
ART,250,01,TR,05:30 pm-06:45 pm,FAIC 305,"Wintner, J (P)"
ART,308,01X,MW,09:00 am-11:45 am,FAIC 323,"Rahmanifar, A (P)"
ART,313,01,TR,11:00 am-12:15 pm,FAIC 305,"Pinckney, S (P)"
ART,315,01,TR,04:00 pm-06:45 pm,FAIC 122,"Greene, R (P)"
ART,327,01,M,12:00 pm-02:45 pm,FAIC 330,"Chen, T (P)"
ART,329,01,TR,12:30 pm-03:15 pm,FAIC 327,"Chen, T (P)"
ART,332,01,WF,12:00 pm-02:45 pm,FAIC 330,"Holland, J (P)"
ART,342,01,TR,09:30 am-12:15 pm,FAIC 330,"Drew, T (P)"
ART,343,01,MW,09:00 am-11:45 am,FAIC 327,"Li, L (P)"
ART,352,01X,MW,12:00 pm-02:45 pm,FAIC 331,"Rahmanifar, A (P)"
ART,401,01,WF,01:00 pm-02:50 pm,FAIC 305,"Doyle, M (P)"
ART,436,01,TR,12:30 pm-03:15 pm,FAIC 330,"Kim, S (P)"
ART,470,01X,MW,12:00 pm-02:45 pm,FAIC 331,"Rahmanifar, A (P)"
ART,480,01, ,TBA,TBA,"Chen, T (P)"
ART,480,02, ,TBA,TBA,"Li, L (P)"
ART,480,03, ,TBA,TBA,"Li, L (P)"
ART,480,04, ,TBA,TBA,"Greene, R (P)"
ART,480,05, ,TBA,TBA,"Chen, T (P)"
ART,480,06, ,TBA,TBA,"Doyle, M (P)"
ART,480,07, ,TBA,TBA,TBA
ART,480,08, ,TBA,TBA,"Kim, S (P)"
ART,480,09, ,TBA,TBA,"Chen, T (P)"
ART,480,10, ,TBA,TBA,"Liu, Q (P)"
ART,480,11, ,TBA,TBA,"Doyle, M (P)"
ART,480,12, ,TBA,TBA,"Li, L (P)"
ART,480,13, ,TBA,TBA,"Doyle, M (P)"
ART,480,14, ,TBA,TBA,"Petrikovsky, H (P)"
ART,480,15, ,TBA,TBA,"Rahmanifar, A (P)"
ART,480,16, ,TBA,TBA,TBA
ART,480,17, ,TBA,TBA,"Greene, R (P)"
ART,480,18, ,TBA,TBA,"Kim, S (P)"
ART,480,19, ,TBA,TBA,"Li, L (P)"
ART,480,20, ,TBA,TBA,"Greene, R (P)"
ART,480,21, ,TBA,TBA,"Li, L (P)"
ART,480,22, ,TBA,TBA,"Greene, R (P)"
ART,480,23, ,TBA,TBA,TBA
ART,480,24, ,TBA,TBA,"Drew, T (P)"
ART,485,01,MW,04:00 pm-06:45 pm,FAIC 323,"Li, L (P), Greene, R , Rahmanifar, A"
ART,485,01,MW,04:00 pm-06:45 pm,FAIC 122,"Li, L (P), Greene, R , Rahmanifar, A"
ART,485,01,MW,04:00 pm-06:45 pm,FAIC 247,"Li, L (P), Greene, R , Rahmanifar, A"
ART,486,01, ,TBA,TBA,"Doyle, M (P)"
ART,487,01, ,TBA,TBA,"Chen, T (P)"
ART,490,01, ,TBA,TBA,"Rahmanifar, A (P)"
ART,490,02, ,TBA,TBA,"Chen, T (P)"
ART,490,03, ,TBA,TBA,"Doyle, M (P)"
ART,490,04, ,TBA,TBA,"Liu, Q (P)"
AST,214,01,TR,09:30 am-10:45 am,PLANET PLT,"Kerr, M (P)"
AST,214,01A,T,11:00 am-12:00 pm,PLANET PLT,"Kerr, M (P)"
AST,214,01B,R,11:00 am-12:00 pm,PLANET PLT,"Kerr, M (P)"
AST,380,01, ,TBA,TBA,TBA
AST,480,01, ,TBA,TBA,TBA
AST,490,01, ,TBA,TBA,TBA
AST,495,01, ,TBA,TBA,TBA
BIO,120,01,MWF,11:00 am-11:50 am,SCIENC 231,"Hulvey, J (P)"
BIO,120,01,M,02:00 pm-04:50 pm,SCIENC 331,"Hulvey, J (P)"
BIO,140,01,MWF,09:00 am-09:50 am,SCIENC 104,"Laux, D (P)"
BIO,140,01A,W,02:00 pm-04:50 pm,SCIENC 334,"Laux, D (P)"
BIO,140,01B,R,09:30 am-12:20 pm,SCIENC 334,"Murdoch, B (P)"
BIO,180,01, ,TBA,TBA,TBA
BIO,200,01,TR,09:30 am-10:45 am,SCIENC 416,"Wasielewski, T (P)"
BIO,200,02,TR,11:00 am-12:15 pm,SCIENC 416,"Wasielewski, T (P)"
BIO,204,01,TR,11:00 am-12:15 pm,SCIENC 320,"Lucin, K (P)"
BIO,204,02,TR,12:30 pm-01:45 pm,SCIENC 320,"Lucin, K (P)"
BIO,204,03,TR,08:00 am-09:15 am,SCIENC 320,"Pasini, J (P)"
BIO,204,04,TR,09:30 am-10:45 am,SCIENC 320,"Pasini, J (P)"
BIO,204,05,M,04:00 pm-06:45 pm,SCIENC 320,"Jacobs, M (P)"
BIO,204,06,TR,05:30 pm-06:45 pm,SCIENC 320,"Jacobs, M (P)"
BIO,210,01,MWF,10:00 am-10:50 am,SCIENC 134,"Groth, A (P)"
BIO,222,01,MWF,11:00 am-11:50 am,SCIENC 416,"Connolly, B (P)"
BIO,222,01,R,09:30 am-12:20 pm,SCIENC 318,"Connolly, B (P)"
BIO,230,01,MWF,11:00 am-11:50 am,SCIENC 134,"Groth, A (P)"
BIO,230,01,M,02:00 pm-04:50 pm,SCIENC 335,"Groth, A (P)"
BIO,240,02,MWF,10:00 am-10:50 am,SCIENC 231,"Mattingly, B (P)"
BIO,240,02,T,11:00 am-01:50 pm,SCIENC 331,"Mattingly, B (P)"
BIO,280,01, ,TBA,TBA,"Lucin, K (P)"
BIO,280,02, ,TBA,TBA,"Idjadi, J (P)"
BIO,301,01X,T,04:00 pm-06:45 pm,SCIENC 116,"Cowles, E (P)"
BIO,302,01X,T,09:30 am-11:20 am,SCIENC 341,"Murdoch, B (P)"
BIO,302,02X,T,12:30 pm-02:20 pm,SCIENC 341,"Murdoch, B (P)"
BIO,304,01,MWF,09:00 am-09:50 am,SCIENC 137,"Veerappan, V (P)"
BIO,304,02,MWF,10:00 am-10:50 am,SCIENC 137,"Veerappan, V (P)"
BIO,305,01,MWF,01:00 pm-01:50 pm,SCIENC 104,"Graham, M (P)"
BIO,305,02,T,04:00 pm-06:45 pm,SCIENC 104,"Kwaku, K (P)"
BIO,314,01,R,09:30 am-11:20 am,SCIENC 331,"Gyure, M (P)"
BIO,314,02,R,12:30 pm-02:20 pm,SCIENC 331,"Gyure, M (P)"
BIO,314,03,R,04:00 pm-05:50 pm,SCIENC 331,"Gyure, M (P)"
BIO,319,01,T,09:00 am-10:50 am,SCIENC 331,"Mattingly, B (P), Epp, K , Idjadi, J"
BIO,320,01, ,TBA,TBA,"Mattingly, B (P), Epp, K , Idjadi, J"
BIO,334,01,MWF,09:00 am-09:50 am,SCIENC 231,"Hulvey, J (P)"
BIO,334,01,W,02:00 pm-04:50 pm,SCIENC 341,"Hulvey, J (P)"
BIO,336,01,MWF,12:00 pm-12:50 pm,SCIENC 432,"Graham, M (P)"
BIO,336,01,R,11:00 am-01:50 pm,SCIENC 333,"Graham, M (P)"
BIO,350,01,MWF,10:00 am-10:50 am,SCIENC 432,"Lucin, K (P)"
BIO,350,01A,M,02:00 pm-04:50 pm,SCIENC 315,"Lucin, K (P)"
BIO,380,01, ,TBA,TBA,"Lucin, K (P)"
BIO,380,02, ,TBA,TBA,"Groth, A (P)"
BIO,380,03, ,TBA,TBA,"Connolly, B (P)"
BIO,380,04, ,TBA,TBA,"Graham, M (P)"
BIO,380,05, ,TBA,TBA,"Connolly, B (P)"
BIO,380,06, ,TBA,TBA,"Epp, K (P)"
BIO,380,07, ,TBA,TBA,"Graham, M (P)"
BIO,380,08, ,TBA,TBA,"Hulvey, J (P)"
BIO,380,09, ,TBA,TBA,"Murdoch, B (P)"
BIO,380,10, ,TBA,TBA,"Connolly, B (P)"
BIO,380,11, ,TBA,TBA,"Laux, D (P)"
BIO,380,12, ,TBA,TBA,"Idjadi, J (P)"
BIO,424,01,MWF,10:00 am-10:50 am,SCIENC 416,"Cowles, E (P)"
BIO,424,01,T,09:30 am-12:20 pm,SCIENC 335,"Cowles, E (P)"
BIO,438,01,MWF,01:00 pm-01:50 pm,SCIENC 416,"Connolly, B (P)"
BIO,438,01,R,02:00 pm-04:50 pm,SCIENC 318,"Connolly, B (P)"
BIO,460,01,MWF,12:00 pm-12:50 pm,SCIENC 416,"Veerappan, V (P)"
BIO,460,01,R,09:30 am-12:20 pm,SCIENC 335,"Veerappan, V (P)"
BIO,462,01,MWF,11:00 am-11:50 am,SCIENC 432,"Laux, D (P)"
BIO,462,01,M,02:00 pm-04:50 pm,SCIENC 334,"Laux, D (P)"
BIO,466,01,M,02:00 pm-04:50 pm,SCIENC 416,"Epp, K (P)"
BIO,466,02,W,02:00 pm-04:50 pm,SCIENC 416,"Epp, K (P)"
BIO,480,01, ,TBA,TBA,"Lucin, K (P)"
BIO,480,02, ,TBA,TBA,"Veerappan, V (P)"
BIO,480,03, ,TBA,TBA,"Graham, M (P)"
BIO,480,04, ,TBA,TBA,"Epp, K (P)"
BIO,480,05, ,TBA,TBA,"Lucin, K (P)"
BIO,480,06, ,TBA,TBA,"Hulvey, J (P)"
BIO,480,07, ,TBA,TBA,"Murdoch, B (P)"
BIO,480,08, ,TBA,TBA,"Laux, D (P)"
BIO,480,09, ,TBA,TBA,"Connolly, B (P)"
BIO,488,01, ,TBA,TBA,TBA
BIO,490,01, ,TBA,TBA,"Laux, D (P)"
BIO,490,02, ,TBA,TBA,"Murdoch, B (P)"
BIO,490,03, ,TBA,TBA,"Groth, A (P)"
BIO,490,04, ,TBA,TBA,"Murdoch, B (P)"
BIO,490,05, ,TBA,TBA,"Lucin, K (P)"
BIO,490,06, ,TBA,TBA,"Mattingly, B (P)"
BIO,490,07, ,TBA,TBA,"Connolly, B (P)"
BIO,490,08, ,TBA,TBA,"Gyure, M (P)"
BIO,491,01, ,TBA,TBA,"Murdoch, B (P)"
BIO,491,02, ,TBA,TBA,"Murdoch, B (P)"
BIO,491,03, ,TBA,TBA,"Veerappan, V (P)"
BIO,491,04, ,TBA,TBA,"Lucin, K (P)"
BIO,491,05, ,TBA,TBA,"Hulvey, J (P)"
BIO,494,01, ,TBA,TBA,TBA
BUS,201,01,MWF,10:00 am-10:50 am,COMBLD 218,"Perry, K (P)"
BUS,201,02,TR,09:30 am-10:45 am,COMBLD 218,"Erwin, C (P)"
BUS,201,03,TR,11:00 am-12:15 pm,COMBLD 218,"Erwin, C (P)"
BUS,201,04,MWF,09:00 am-09:50 am,COMBLD 108,"Synnott, C (P)"
BUS,201,05,T,04:00 pm-06:45 pm,GODDAR 203,"Norval, N (P)"
BUS,201,06,MWF,11:00 am-11:50 am,COMBLD 218,"Perry, K (P)"
BUS,201,07,TR,02:00 pm-03:15 pm,COMBLD 218,"Norval, N (P)"
BUS,225,01,MWF,12:00 pm-12:50 pm,COMBLD 109,"Avent, A (P)"
BUS,225,02,W,04:00 pm-06:45 pm,COMBLD 201,"Hall, S (P)"
BUS,225,03,MWF,10:00 am-10:50 am,COMBLD 108,"Avent, A (P)"
BUS,225,04,TR,12:30 pm-01:45 pm,COMBLD 107,"Nardella, S (P)"
BUS,225,05,TR,02:00 pm-03:15 pm,COMBLD 107,"Nardella, S (P)"
BUS,225,06,TR,11:00 am-12:15 pm,COMBLD 107,"Grosjean, B (P)"
BUS,240,01,MWF,09:00 am-09:50 am,COMBLD 201,"Chatterton, C (P)"
BUS,250,01,M,04:00 pm-06:45 pm,COMBLD 218,"de Wilde, A (P)"
BUS,250,02,MWF,10:00 am-10:50 am,COMBLD 109,"de Wilde, A (P)"
BUS,301,01,MWF,09:00 am-09:50 am,COMBLD 109,"de Wilde, A (P)"
BUS,301,02,TR,09:30 am-10:45 am,GODDAR 200,"Buck, W (P)"
BUS,301,03,TR,11:00 am-12:15 pm,GODDAR 200,"Buck, W (P)"
BUS,301,04,MWF,12:00 pm-12:50 pm,COMBLD 108,"de Wilde, A (P)"
BUS,307,01,MWF,12:00 pm-12:50 pm,COMBLD 218,"Villanueva, E (P)"
BUS,321,01,MW,04:00 pm-05:15 pm,COMBLD 109,"Moylan, W (P)"
BUS,325,01,MW,05:30 pm-06:45 pm,COMBLD 109,"Moylan, W (P)"
BUS,326,01,T,07:00 pm-09:45 pm,COMBLD 218,"Grosjean, B (P)"
BUS,327,01,TR,02:00 pm-03:15 pm,SCIENC 234,"Kang, M (P)"
BUS,331,01,T,07:00 pm-09:45 pm,COMBLD 108,"Erwin, C (P)"
BUS,333,01,M,04:00 pm-06:45 pm,COMBLD 201,"Ferraro, L (P)"
BUS,340,01,R,09:30 am-12:15 pm,COMBLD 201,"Chatterton, C (P)"
BUS,342,01,MWF,12:00 pm-12:50 pm,COMBLD 107,"Kane, G (P)"
BUS,342,02,MWF,10:00 am-10:50 am,COMBLD 201,"Kane, G (P)"
BUS,351,01,TR,02:00 pm-03:15 pm,COMBLD 201,"Buck, W (P)"
BUS,351,02,TR,04:00 pm-05:15 pm,COMBLD 108,"Buck, W (P)"
BUS,410,01,W,04:00 pm-06:45 pm,WEBB 314,"Pakdil, F (P)"
BUS,411,01,MWF,01:00 pm-01:50 pm,COMBLD 107,"Kane, G (P)"
BUS,428,01,TR,12:30 pm-01:45 pm,SCIENC 234,"Grandhi, S (P)"
BUS,429,01,W,04:00 pm-06:45 pm,SCIENC 234,"Kang, M (P)"
BUS,431,01,TR,12:30 pm-01:45 pm,COMBLD 218,"Oh, N (P)"
BUS,431,02,TR,09:30 am-10:45 am,GODDAR 202,"Oh, N (P)"
BUS,431,03,TR,02:00 pm-03:15 pm,GODDAR 201,"Erwin, C (P)"
BUS,436,01,T,07:00 pm-09:45 pm,COMBLD 109,"Decker, G (P)"
BUS,450,01,MWF,08:00 am-08:50 am,COMBLD 218,"Villanueva, E (P)"
BUS,480,01, ,TBA,TBA,"Pakdil, F (P)"
BUS,480,02, ,TBA,TBA,"Pakdil, F (P)"
BUS,480,03, ,TBA,TBA,"Buck, W (P)"
BUS,480,04, ,TBA,TBA,"Villanueva, E (P)"
BUS,480,05, ,TBA,TBA,"Kane, G (P)"
BUS,480,06, ,TBA,TBA,"Grandhi, S (P)"
BUS,490,01V,M,07:00 pm-08:15 pm,COMBLD 201,"Chatterton, C (P)"
BUS,490,02V,R,08:00 am-09:15 am,COMBLD 201,"Chatterton, C (P)"
BUS,492,01, ,TBA,TBA,"Pakdil, F (P)"
BUS,492,02, ,TBA,TBA,"Grandhi, S (P)"
BIS,205,01,TR,08:00 am-09:15 am,WEBB 307,"Donohue, K (P)"
BIS,205,02,MWF,08:00 am-08:50 am,WEBB 307,"Reay, S (P)"
BIS,205,03,MWF,09:00 am-09:50 am,WEBB 307,"Reay, S (P)"
BIS,205,04,TR,09:30 am-10:45 am,WEBB 307,"Kunene, N (P)"
BIS,205,05,W,07:00 pm-09:45 pm,WEBB 307,"Dexter, R (P)"
BIS,362,01,M,04:00 pm-06:45 pm,WEBB 307,"Albini, E (P)"
BIS,365,01,TR,09:30 am-10:45 am,WEBB 407,"Donohue, K (P)"
BIS,370,01,TR,05:30 pm-06:45 pm,WEBB 307,"Alkhamaiesh, S (P)"
BIS,370,02,TR,07:00 pm-08:15 pm,WEBB 307,"Alkhamaiesh, S (P)"
BIS,373,01,MF,02:00 pm-03:15 pm,WEBB 407,"Citurs, A (P)"
BIS,379,01,M,04:00 pm-06:45 pm,WEBB 407,"Citurs, A (P)"
BIS,442,01,W,04:00 pm-06:45 pm,SCIENC 115,"Schaller, J (P)"
BIS,447,01,T,07:00 pm-09:45 pm,WEBB 407,"Johnson, D (P)"
BIS,447,02,TR,11:00 am-12:15 pm,WEBB 407,"Citurs, A (P)"
BIS,449,01,TR,12:30 pm-01:45 pm,WEBB 407,"Kunene, N (P)"
BIS,449,02,TR,02:00 pm-03:15 pm,WEBB 407,"Kunene, N (P)"
BIS,461,01,MW,07:00 pm-08:15 pm,WEBB 407,"Citurs, A (P)"
BIS,480,01, ,TBA,TBA,"Citurs, A (P)"
BIS,490,01,M,07:00 pm-08:15 pm,WEBB 307,TBA
CAS,201,E25, ,TBA,TBA,"Couture-Palmerino, P (P)"
CAS,222,E25, ,TBA,ONLINE,"Couture-Palmerino, P (P)"
CHE,211,01,MWF,09:00 am-09:50 am,SCIENC 117,"He, K (P)"
CHE,211,02,MWF,10:00 am-10:50 am,SCIENC 117,"He, K (P)"
CHE,211,03,MWF,01:00 pm-01:50 pm,SCIENC 117,"He, K (P)"
CHE,211,04,MW,04:00 pm-05:15 pm,SCIENC 117,"Islam, S (P)"
CHE,211,05,MW,05:30 pm-06:45 pm,SCIENC 117,"Islam, S (P)"
CHE,213,01,M,11:00 am-01:50 pm,SCIENC 440,"Parcinski, A (P)"
CHE,213,02,M,02:00 pm-04:50 pm,SCIENC 440,"Parcinski, A (P)"
CHE,213,03,T,04:00 pm-06:50 pm,SCIENC 440,"Ahmadi, S (P)"
CHE,213,04,T,07:00 pm-09:50 pm,SCIENC 440,"Ahmadi, S (P)"
CHE,213,05,W,04:00 pm-06:50 pm,SCIENC 440,"Swanson, S (P)"
CHE,213,06,R,11:00 am-01:50 pm,SCIENC 440,"Chirakul-Madden, P (P)"
CHE,213,07,R,02:00 pm-04:50 pm,SCIENC 440,"Chirakul-Madden, P (P)"
CHE,213,08,M,07:00 pm-09:50 pm,SCIENC 440,"Koza, D (P)"
CHE,213,09,W,07:00 pm-09:50 pm,SCIENC 440,"Swanson, S (P)"
CHE,217,01,MWF,10:00 am-10:50 am,SCIENC 104,"Koza, D (P)"
CHE,217,01A,T,07:00 pm-09:50 pm,SCIENC 441,"Candler, J (P)"
CHE,217,01B,M,07:00 pm-09:50 pm,SCIENC 441,"Candler, J (P)"
CHE,318,01,MWF,01:00 pm-01:50 pm,SCIENC 432,"Toedt, J (P)"
CHE,319,01,T,02:00 pm-04:50 pm,SCIENC 434,"Toedt, J (P)"
CHE,380,01, ,TBA,TBA,TBA
CHE,425,01,MWF,12:00 pm-12:50 pm,SCIENC 231,"Islam, S (P)"
CHE,425,01A,F,02:00 pm-05:50 pm,SCIENC 434,"Islam, S (P)"
CHE,480,01, ,TBA,TBA,"Toedt, J (P)"
CHE,480,02, ,TBA,TBA,"He, K (P)"
CHE,480,03, ,TBA,TBA,"He, K (P)"
CHE,490,01, ,TBA,TBA,"Toedt, J (P)"
CHE,492,01, ,TBA,TBA,"Islam, S (P)"
COM,100,02,MWF,10:00 am-10:50 am,COMBLD 107,"Murphy, J (P)"
COM,101,01,MWF,11:00 am-11:50 am,FAIC 115,"Curtis, S (P)"
COM,120,01,TR,09:30 am-10:45 am,COMBLD 114A,"Utterback, A (P)"
COM,120,01,TR,09:30 am-10:45 am,COMBLD 114D,"Utterback, A (P)"
COM,120,01,TR,09:30 am-10:45 am,COMBLD 114B,"Utterback, A (P)"
COM,190,01, ,TBA,TBA,TBA
COM,220,01X,T,07:00 pm-09:45 pm,COMBLD 114A,"Ammari, M (P)"
COM,220,01X,T,07:00 pm-09:45 pm,COMBLD 114D,"Ammari, M (P)"
COM,220,01X,T,07:00 pm-09:45 pm,COMBLD 114B,"Ammari, M (P)"
COM,220,02X,M,04:00 pm-06:45 pm,COMBLD 114A,"Carlson, R (P)"
COM,220,02X,M,04:00 pm-06:45 pm,COMBLD 114D,"Carlson, R (P)"
COM,220,02X,M,04:00 pm-06:45 pm,COMBLD 114B,"Carlson, R (P)"
COM,220,03X,T,04:00 pm-06:45 pm,COMBLD 114A,"Ammari, M (P)"
COM,220,03X,T,04:00 pm-06:45 pm,COMBLD 114D,"Ammari, M (P)"
COM,220,03X,T,04:00 pm-06:45 pm,COMBLD 114B,"Ammari, M (P)"
COM,220,04X,TR,11:00 am-12:15 pm,COMBLD 226,"Day, B (P)"
COM,230,01,T,04:00 pm-06:45 pm,COMBLD 109,"Freund, E (P)"
COM,230,02,W,04:00 pm-06:45 pm,COMBLD 218,"Freund, E (P)"
COM,230,03,TR,09:30 am-10:45 am,COMBLD 108,"Curtis, S (P)"
COM,245,01,T,04:00 pm-06:45 pm,COMBLD 226,"Zatowski, J (P)"
COM,290,01, ,TBA,TBA,"Utterback, A (P)"
COM,291,01, ,TBA,TBA,"Zatowski, J (P)"
COM,291,02, ,TBA,TBA,TBA
COM,292,01, ,TBA,TBA,TBA
COM,300,02,TR,12:30 pm-01:45 pm,FAIC 307,"Utterback, A (P)"
COM,301,01,MWF,12:00 pm-12:50 pm,FAIC 115,"Osterndorf, W (P)"
COM,330,01,MWF,09:00 am-09:50 am,FAIC 307,"Osterndorf, W (P)"
COM,357,01,TR,09:30 am-10:45 am,COMBLD 226,"Day, B (P)"
COM,380,01X,TR,02:00 pm-03:50 pm,FAIC 115,"Day, B (P)"
COM,400,01,TR,09:30 am-10:45 am,FAIC 307,"Osterndorf, W (P)"
COM,403,01,TR,11:00 am-12:15 pm,FAIC 307,"Osterndorf, W (P)"
COM,410,01,M,04:00 pm-06:45 pm,COMBLD 107,"Aconfora, N (P)"
COM,425,01,W,04:00 pm-06:45 pm,COMBLD 114A,"Utterback, A (P)"
COM,425,01,W,04:00 pm-06:45 pm,COMBLD 114D,"Utterback, A (P)"
COM,425,01,W,04:00 pm-06:45 pm,COMBLD 114B,"Utterback, A (P)"
COM,480,01, ,TBA,TBA,"Utterback, A (P)"
COM,480,02, ,TBA,TBA,"Kang, M (P)"
COM,480,03, ,TBA,TBA,"Utterback, A (P)"
COM,480,04, ,TBA,TBA,"Flood, R (P)"
COM,490,01, ,TBA,TBA,"Cobb, J (P)"
COM,490,02, ,TBA,TBA,"Flood, R (P)"
COM,490,03, ,TBA,TBA,"Kang, M (P)"
COM,490,05, ,TBA,TBA,"Day, B (P)"
COM,490,06, ,TBA,TBA,"Utterback, A (P)"
COM,490,07, ,TBA,TBA,"Osterndorf, W (P)"
COM,490,08, ,TBA,TBA,"Zatowski, J (P)"
COM,490,09, ,TBA,TBA,"Sokolovskaya, A (P)"
COM,491,01, ,TBA,TBA,TBA
CFT,100,01,F,12:00 pm-02:45 pm,FAIC 117,"Pellegrini, D (P)"
CFT,100,02,F,12:00 pm-02:45 pm,FAIC 118,"Morgan, K (P)"
CFT,205,01,MWF,10:00 am-11:10 am,COMBLD 226,"Flood, R (P)"
CFT,401,01,M,02:00 pm-02:50 pm,COMBLD 226,"Day, B (P)"
CSC,180,01,TR,11:00 am-12:15 pm,SCIENC 138,"Tasneem, S (P)"
CSC,202,01,TR,02:00 pm-03:15 pm,SCIENC 135,"Jahan, I (P)"
CSC,205,01,TR,12:30 pm-01:45 pm,SCIENC 133,"Onye, Y (P)"
CSC,205,02,TR,02:00 pm-03:15 pm,SCIENC 133,"Onye, Y (P)"
CSC,210,01,MWF,09:00 am-09:50 am,SCIENC 138,"Johnson, J (P)"
CSC,210,02,MWF,11:00 am-11:50 am,SCIENC 133,"Bondok, A (P)"
CSC,210,03,MWF,10:00 am-10:50 am,SCIENC 139,"Johnson, J (P)"
CSC,212,01,TR,09:30 am-10:45 am,SCIENC 135,"Lavoie, M (P)"
CSC,215,01,TR,08:00 am-09:15 am,SCIENC 135,"Castro, N (P)"
CSC,230,01,MWF,11:00 am-11:50 am,SCIENC 135,"Rosiene, J (P)"
CSC,231,01,MWF,11:00 am-11:50 am,SCIENC 139,"Jahan, I (P)"
CSC,249,01,M,04:00 pm-06:45 pm,SCIENC 135,"Weselcouch, C (P)"
CSC,251,01,MWF,09:00 am-09:50 am,SCIENC 135,"Bondok, A (P)"
CSC,251,02,MWF,10:00 am-10:50 am,SCIENC 135,"Bondok, A (P)"
CSC,270,01,MWF,10:00 am-10:50 am,SCIENC 138,"Gao, K (P)"
CSC,270,02,MWF,02:00 pm-02:50 pm,SCIENC 138,"Gao, K (P)"
CSC,314,01,TR,02:00 pm-03:15 pm,SCIENC 138,"Dancik, G (P)"
CSC,335,01,MWF,10:00 am-10:50 am,SCIENC 133,"Rosiene, J (P)"
CSC,335,02,MWF,09:00 am-09:50 am,SCIENC 139,"Rosiene, J (P)"
CSC,340,01,MW,04:00 pm-05:15 pm,SCIENC 139,"Rosiene, J (P)"
CSC,360,01,TR,11:00 am-12:15 pm,SCIENC 135,"Elfouly, R (P)"
CSC,360,02,MW,04:00 pm-05:15 pm,SCIENC 133,"Shende, C (P)"
CSC,360,03,TR,04:00 pm-05:15 pm,SCIENC 135,"Soleymanpour, R (P)"
CSC,360,04,TR,12:30 pm-01:45 pm,SCIENC 138,"Elfouly, R (P)"
CSC,440,01,TR,02:00 pm-03:15 pm,SCIENC 139,"Tasneem, S (P)"
CSC,440,02,R,04:00 pm-06:45 pm,SCIENC 138,"Tasneem, S (P)"
CSC,445,01,MWF,11:00 am-11:50 am,SCIENC 138,"Gao, K (P)"
CSC,445,02,MW,04:00 pm-05:15 pm,SCIENC 138,"Gao, K (P)"
CSC,450,01,TR,09:30 am-10:45 am,SCIENC 138,"Dancik, G (P)"
CSC,480,01, ,TBA,TBA,"Rosiene, J (P)"
CSC,485,01, ,TBA,TBA,"Tasneem, S (P)"
CSC,490,01, ,TBA,TBA,"Dancik, G (P)"
CED,300,01, ,TBA,TBA,"Marrett, C (P)"
CRM,210,01,R,04:00 pm-06:45 pm,GODDAR 223,"Kurti, M (P)"
CRM,320,01,MWF,11:00 am-11:50 am,WEBB 313,"Pesta, R (P)"
CRM,320,02,MWF,12:00 pm-12:50 pm,WEBB 313,"Pesta, R (P)"
CRM,410,01,MWF,10:00 am-10:50 am,WEBB 313,"Pesta, R (P)"
CRM,450,01,W,04:00 pm-06:45 pm,WEBB 313,"Lugo, W (P)"
CRM,450,02,W,07:00 pm-09:45 pm,WEBB 313,"Lugo, W (P)"
CRM,475,01V,M,08:00 am-08:50 am,WEBB 215,"Severance, T (P)"
CRM,480,01, ,TBA,TBA,"Pesta, R (P)"
CRM,480,02, ,TBA,TBA,"Kurti, M (P)"
CRM,480,03, ,TBA,TBA,"Lugo, W (P)"
CRM,480,04, ,TBA,TBA,"Severance, T (P)"
CRM,480,05, ,TBA,TBA,"Severance, T (P)"
CRM,490,01, ,TBA,TBA,"Severance, T (P)"
CRM,490,02, ,TBA,TBA,"Severance, T (P)"
DNC,395,01,W,02:00 pm-03:30 pm,FAIC 219,TBA
DNC,480,01, ,TBA,TBA,TBA
DSC,501,E25, ,TBA,ONLINE,"Davis, M (P)"
DSC,503,E25, ,TBA,ONLINE,"Liu, X (P)"
DSC,503,E26, ,TBA,ONLINE,"Liu, X (P)"
DSC,504,E25, ,TBA,ONLINE,"Davis, M (P)"
DSC,505,E25, ,TBA,ONLINE,"Busi, J (P)"
DSC,508,E25, ,TBA,ONLINE,"Turgeon, K (P)"
ECE,215,01,TR,02:00 pm-03:15 pm,CECE 170,"Bouley, T (P)"
ECE,301,01, ,TBA,TBA,"Drewry, T (P)"
ECE,330,01,T,09:30 am-12:15 pm,CECE 175,"Swaminathan, S (P)"
ECE,355,01,R,09:30 am-12:15 pm,CECE 175,"Bouley, T (P)"
ECE,400,01,T,04:00 pm-06:45 pm,CECE 175,"Bouley, T (P)"
ECE,401,01, ,TBA,TBA,"Swaminathan, S (P)"
ECE,405,01X,M,04:00 pm-06:45 pm,CECE 167,"LaPorte, K (P)"
ECE,410,01X,W,04:00 pm-06:45 pm,CECE 175,"Rezai, N (P)"
ECE,420,01X,M,04:00 pm-06:45 pm,CECE 175,"Lee, K (P)"
ECE,425,01, ,TBA,TBA,TBA
ECE,445,01,MTWRF,08:00 am-03:30 pm,TBA,"Dunnack, S (P)"
ECE,480,01, ,TBA,TBA,"Bouley, T (P)"
ECE,490,01, ,TBA,TBA,TBA
ECE,501,01X,W,04:00 pm-06:45 pm,CECE 175,"Rezai, N (P)"
ECE,505,01X,M,04:00 pm-06:45 pm,CECE 175,"Lee, K (P)"
ECE,506,01X,M,04:00 pm-06:45 pm,CECE 167,"LaPorte, K (P)"
ECE,514,01, ,TBA,TBA,TBA
ECE,516,01, ,TBA,TBA,"Bouley, T (P)"
ECE,565,01,MTWRF,08:00 am-03:30 pm,TBA,"Peacock, J (P)"
ECE,566,01, ,TBA,TBA,"Dunnack, S (P)"
ECE,696,01, ,TBA,TBA,"Swaminathan, S (P)"
ECO,100,01,TR,12:30 pm-01:45 pm,COMBLD 108,"Montemerlo, J (P)"
ECO,100,02,MWF,01:00 pm-01:50 pm,COMBLD 201,"Karrenberg, J (P)"
ECO,100,03,MWF,02:00 pm-02:50 pm,COMBLD 201,"Karrenberg, J (P)"
ECO,200,01,MWF,11:00 am-11:50 am,COMBLD 109,"Ndiaye, M (P)"
ECO,200,02,MWF,10:00 am-10:50 am,GODDAR 203,"Cunningham, B (P)"
ECO,200,03,TR,09:30 am-10:45 am,GODDAR 201,"Forte, W (P)"
ECO,200,04,TR,11:00 am-12:15 pm,GODDAR 201,"Forte, W (P)"
ECO,201,01,MWF,12:00 pm-12:50 pm,GODDAR 203,"Ndiaye, M (P)"
ECO,201,02,MWF,01:00 pm-01:50 pm,GODDAR 203,"Ndiaye, M (P)"
ECO,201,03,MWF,09:00 am-09:50 am,GODDAR 201,"Volkman, V (P)"
ECO,201,04,TR,09:30 am-10:45 am,GODDAR 216,"Montemerlo, J (P)"
ECO,201,05,TR,11:00 am-12:15 pm,GODDAR 216,"Goodman, D (P)"
ECO,201,06,TR,02:00 pm-03:15 pm,GODDAR 203,"Eckenroth, G (P)"
ECO,201,07,M,04:00 pm-06:45 pm,GODDAR 208,"Saponaro, J (P)"
ECO,215,01,TR,11:00 am-12:15 pm,SCIENC 238,"Weir, L (P)"
ECO,215,02,TR,12:30 pm-01:45 pm,SCIENC 238,"Weir, L (P)"
ECO,301,01,MWF,09:00 am-09:50 am,GODDAR 223,"Ndiaye, M (P)"
ECO,305,01,MWF,10:00 am-10:50 am,WEBB 307,"Volkman, V (P)"
ECO,325,01,MWF,12:00 pm-12:50 pm,COMBLD 201,"Cunningham, B (P)"
ECO,325,02,MWF,11:00 am-11:50 am,COMBLD 201,"Cunningham, B (P)"
ECO,331,01,TR,09:30 am-10:45 am,COMBLD 107,"Goodman, D (P)"
ECO,479,01X,TR,09:30 am-10:45 am,GODDAR 203,"Clifford, M (P)"
ECO,479,02X,W,04:00 pm-06:45 pm,COMBLD 108,"Peteros, R (P)"
ECO,479,03X,TR,08:00 am-09:15 am,GODDAR 203,"Clifford, M (P)"
ECO,480,01, ,TBA,TBA,"Clifford, M (P)"
ECO,480,02, ,TBA,TBA,"Clifford, M (P)"
ECO,480,03, ,TBA,TBA,"Clifford, M (P)"
ECO,480,04, ,TBA,TBA,"Clifford, M (P)"
ECO,480,05, ,TBA,TBA,"Clifford, M (P)"
ECO,490,01, ,TBA,TBA,TBA
ECO,492,01, ,TBA,TBA,TBA
EDU,200,01,TR,11:00 am-12:15 pm,SCIENC 117,"Roberts, T (P)"
EDU,200,02,TR,02:00 pm-03:15 pm,CECE 167,"Lee, K (P)"
EDU,222,01,TR,11:00 am-12:15 pm,CECE 170,"Rodriguez, L (P)"
EDU,222,02,TR,08:00 am-09:15 am,WEBB 317,"Tomanelli, J (P)"
EDU,222,03,W,07:00 pm-09:45 pm,CECE 167,"Galvez, D (P)"
EDU,301,01, ,TBA,TBA,"Drewry, T (P)"
EDU,357,01,T,04:00 pm-06:45 pm,WEBB 210,"White, J (P)"
EDU,357,02,W,04:00 pm-06:45 pm,WEBB 210,"Stoloff, D (P)"
EDU,357,03,R,04:00 pm-06:45 pm,WEBB 210,"Liu, X (P)"
EDU,357,04,TR,02:00 pm-03:15 pm,COMBLD 108,"Rodriguez, L (P)"
EDU,401,01, ,TBA,TBA,"Drewry, T (P)"
EDU,404,01,F,12:00 pm-02:45 pm,WEBB 113,"Liu, X (P)"
EDU,405,01,R,04:00 pm-06:45 pm,WEBB 212,"Zablonski, M (P)"
EDU,410,01X,M,04:00 pm-06:45 pm,WEBB 215,"Dziavit, K (P)"
EDU,412,01,T,04:00 pm-06:45 pm,WEBB 215,"Cook, K (P)"
EDU,417,01,M,12:00 pm-02:45 pm,WEBB 113,"Richards, S (P)"
EDU,425,01X,T,04:00 pm-06:45 pm,SCIENC 432,"Rodriguez, L (P)"
EDU,425,02X,M,07:00 pm-09:45 pm,COMBLD 108,"Fabrizi, M (P)"
EDU,450,01, ,TBA,TBA,TBA
EDU,451,01, ,TBA,TBA,TBA
EDU,465,01X,M,07:00 pm-09:45 pm,WEBB 113,"Richards, S (P)"
EDU,465,02X,T,07:00 pm-09:45 pm,WEBB 213,"LaPorte, K (P)"
EDU,470,01,MTWRF,08:00 am-03:30 pm,TBA,"Zimmitti, L (P)"
EDU,471,01,MTWRF,08:00 am-03:30 pm,TBA,"Peacock, J (P)"
EDU,480,01, ,TBA,TBA,"Fabrizi, M (P)"
EDU,480,02, ,TBA,TBA,"Moorehead, T (P)"
EDU,480,03, ,TBA,TBA,"Richards, S (P)"
EDU,480,04, ,TBA,TBA,"Richards, S (P)"
EDU,490,01, ,TBA,TBA,"Ruddy, J (P)"
EDU,501,01, ,TBA,TBA,"LaMarche, L (P)"
EDU,502,01, ,TBA,TBA,"Espinoza, A (P)"
EDU,505,E25, ,TBA,TBA,"Galvez, D (P)"
EDU,510,01X,M,04:00 pm-06:45 pm,WEBB 215,"Dziavit, K (P)"
EDU,511,E25, ,TBA,ONLINE,"Stoloff, D (P)"
EDU,516,01,W,04:00 pm-06:45 pm,WEBB 113,"Richards, S (P)"
EDU,521,01, ,TBA,TBA,"Peacock, J (P)"
EDU,523,01, ,TBA,TBA,"Ashton, F (P)"
EDU,525,01X,T,04:00 pm-06:45 pm,SCIENC 432,"Rodriguez, L (P)"
EDU,525,02X,M,07:00 pm-09:45 pm,COMBLD 108,"Fabrizi, M (P)"
EDU,555,E25, ,TBA,ONLINE,"Stoloff, D (P)"
EDU,565,01X,M,07:00 pm-09:45 pm,WEBB 113,"Richards, S (P)"
EDU,565,02X,T,07:00 pm-09:45 pm,WEBB 213,"LaPorte, K (P)"
EDU,571,01,MTWRF,08:00 am-03:30 pm,TBA,"Ashton, F (P)"
EDU,573,01,MTWRF,08:00 am-03:30 pm,TBA,"Espinoza, A (P)"
EDU,582,H01, ,TBA,ONLINE,"Roberts, T (P)"
EDU,582,H01,R,04:00 pm-06:45 pm,WEBB 215,"Roberts, T (P)"
EDU,582,H01,R,04:00 pm-06:45 pm,WEBB 215,"Roberts, T (P)"
EDU,582,H01,R,04:00 pm-06:45 pm,WEBB 215,"Roberts, T (P)"
EDU,582,H01,R,04:00 pm-06:45 pm,WEBB 215,"Roberts, T (P)"
EDU,582,H01,R,04:00 pm-06:45 pm,WEBB 215,"Roberts, T (P)"
EDU,582,H01,R,04:00 pm-06:45 pm,WEBB 215,"Roberts, T (P)"
EDU,582,H01,R,04:00 pm-06:45 pm,WEBB 215,"Roberts, T (P)"
EDU,582,H01,R,04:00 pm-06:45 pm,WEBB 215,"Roberts, T (P)"
EDU,612,E25, ,TBA,TBA,"Lee, K (P)"
EDU,632,E25, ,TBA,TBA,"Moorehead, T (P)"
EDU,680,E25, ,TBA,ONLINE,"Moorehead, T (P)"
EDU,692,01,MTWRF,08:00 am-03:30 pm,TBA,TBA
EDU,692,02,MTWRF,08:00 am-03:30 pm,TBA,TBA
EDU,694,01,MTWRF,08:00 am-03:30 pm,TBA,"Robinson, M (P)"
EDU,694,02,MTWRF,08:00 am-03:30 pm,TBA,"Robinson, M (P)"
EDU,695,01, ,TBA,TBA,TBA
EDU,696,01, ,TBA,TBA,"Rodriguez, L (P)"
EDU,696,02, ,TBA,TBA,"Galvez, D (P)"
EDU,696,03, ,TBA,TBA,"Vijayasekar, J (P)"
EDU,696,04, ,TBA,TBA,"Cruz, D (P)"
EDU,696,05, ,TBA,TBA,"Stoloff, D (P)"
EDU,696,06, ,TBA,TBA,"Fabrizi, M (P)"
EDU,696,07, ,TBA,TBA,"Richards, S (P)"
EDU,696,08, ,TBA,TBA,"Bouley, T (P)"
EDU,697,E25, ,TBA,ONLINE,"Swaminathan, S (P)"
EDU,698,01, ,TBA,TBA,TBA
ENG,100,01,TR,08:00 am-09:15 am,WEBB 206,"Otero, M (P)"
ENG,100,02,TR,09:30 am-10:45 am,WEBB 206,"Otero, M (P)"
ENG,100,03,MWF,01:00 pm-01:50 pm,WEBB 206,"Johnson, S (P)"
ENG,100,04,TR,11:00 am-12:15 pm,SCIENC 233,"Szymkiewicz, R (P)"
ENG,100,05,MWF,11:00 am-11:50 am,WEBB 206,"Cassidy, S (P)"
ENG,100,06,TR,04:00 pm-05:15 pm,WEBB 206,"Eves, K (P)"
ENG,100,07,MWF,12:00 pm-12:50 pm,WEBB 206,"Reynolds, J (P)"
ENG,100,08,MWF,11:00 am-11:50 am,SCIENC 233,"Reynolds, J (P)"
ENG,100,09,MWF,10:00 am-10:50 am,WEBB 206,"Long, E (P)"
ENG,100,10,TR,09:30 am-10:45 am,SCIENC 233,"Congdon, V (P)"
ENG,100,11,TR,11:00 am-12:15 pm,SCIENC 133,"Luxenberg, H (P)"
ENG,100P,01,TR,09:30 am-10:45 am,WEBB 316,"McNeil, K (P)"
ENG,100P,01,W,09:00 am-10:40 am,WEBB 316,"McNeil, K (P)"
ENG,100P,02,TR,11:00 am-12:15 pm,WEBB 316,"McNeil, K (P)"
ENG,100P,02,W,11:00 am-12:40 pm,WEBB 316,"McNeil, K (P)"
ENG,100P,03,M,02:00 pm-03:40 pm,WEBB 316,"Luxenberg, H (P)"
ENG,100P,03,TR,02:00 pm-03:15 pm,WEBB 316,"Luxenberg, H (P)"
ENG,100P,04,TR,04:00 pm-05:15 pm,WEBB 316,"Quick, B (P)"
ENG,100P,04,W,04:00 pm-05:40 pm,WEBB 316,"Quick, B (P)"
ENG,100P,05,TR,12:30 pm-01:45 pm,WEBB 316,"Szymkiewicz, R (P)"
ENG,100P,05,W,01:00 pm-02:40 pm,WEBB 316,"Szymkiewicz, R (P)"
ENG,100P,06,MF,11:00 am-12:40 pm,WEBB 307,"Johnson, S (P)"
ENG,100P,06,W,11:00 am-11:50 am,WEBB 307,"Johnson, S (P)"
ENG,125,01,TR,04:00 pm-05:15 pm,WEBB 216,"Mama, R (P)"
ENG,125,02,TR,02:00 pm-03:15 pm,WEBB 210,"Mama, R (P)"
ENG,177,01,TR,12:30 pm-01:45 pm,WEBB 212,"Clermont-Ferrand, M (P)"
ENG,190,01,TR,09:30 am-10:45 am,SCIENC 134,"Ferruci, S (P)"
ENG,190,02,TR,11:00 am-12:15 pm,WEBB 213,"Ferruci, S (P)"
ENG,201,01,MWF,11:00 am-11:50 am,WEBB 114,"Taylor, M (P)"
ENG,201,02,MWF,12:00 pm-12:50 pm,WEBB 114,"Youngblood, J (P)"
ENG,205,01,TR,08:00 am-09:15 am,WEBB 112,"Terry, B (P)"
ENG,205,02,MWF,09:00 am-09:50 am,LIBRAR 266,"Taylor, M (P)"
ENG,205,03,TR,09:30 am-10:45 am,WEBB 112,"Terry, B (P)"
ENG,207,01,TR,02:00 pm-03:15 pm,WEBB 115,"DeRosa, S (P)"
ENG,215,01,TR,12:30 pm-01:45 pm,COMBLD 201,"McNeil, K (P)"
ENG,223,02,MWF,11:00 am-11:50 am,WEBB 214,"Speicher, A (P)"
ENG,225,01,TR,05:30 pm-06:45 pm,WEBB 216,"Mama, R (P)"
ENG,238,01,TR,02:00 pm-03:15 pm,WEBB 206,"Donaghy, D (P)"
ENG,241,01,MWF,09:00 am-09:50 am,WEBB 213,"Del Rio, J (P)"
ENG,241,02,MWF,10:00 am-10:50 am,WEBB 213,"Del Rio, J (P)"
ENG,241,03,TR,02:00 pm-03:15 pm,WEBB 212,"Clermont-Ferrand, M (P)"
ENG,255,01,MWF,09:00 am-09:50 am,COMBLD 218,"Flood, R (P)"
ENG,257,01,MWF,01:00 pm-01:50 pm,WEBB 313,"Chirico, M (P)"
ENG,260,01X,TR,12:30 pm-01:45 pm,GODDAR 208,"Abbatemarco, A (P)"
ENG,260,02X,TR,11:00 am-12:15 pm,GODDAR 208,"Abbatemarco, A (P)"
ENG,260,03X,MWF,09:00 am-09:50 am,WEBB 113,"Rochon, R (P)"
ENG,301,01,TR,02:00 pm-03:15 pm,LIBRAR 266,"Torockio, C (P)"
ENG,302,01,TR,11:00 am-12:15 pm,SCIENC 134,"Donaghy, D (P)"
ENG,308,01X,M,04:00 pm-06:45 pm,FAIC 115,"Flood, R (P)"
ENG,328,01,MWF,01:00 pm-01:50 pm,WEBB 215,"Speicher, A (P)"
ENG,330,01,MF,02:00 pm-03:15 pm,WEBB 114,"Youngblood, J (P)"
ENG,337,01,TR,04:00 pm-05:15 pm,WEBB 114,"Clermont-Ferrand, M (P)"
ENG,338,01,TR,12:30 pm-01:45 pm,SCIENC 416,"Otero, M (P)"
ENG,341,01,TR,02:00 pm-03:15 pm,SCIENC 416,"Otero, M (P)"
ENG,353,01,TR,12:30 pm-01:45 pm,SCIENC 231,"Mama, R (P)"
ENG,372,01,W,04:00 pm-06:45 pm,WEBB 112,"Torockio, C (P)"
ENG,380,01,W,04:00 pm-06:45 pm,WEBB 115,"DeRosa, S (P)"
ENG,382,01,TR,12:30 pm-01:45 pm,SCIENC 134,"Donaghy, D (P)"
ENG,461,01,M,04:00 pm-06:45 pm,COMBLD 219,"Chirico, M (P)"
ENG,462,01,T,04:00 pm-06:45 pm,WEBB 213,"Torockio, C (P)"
ENG,462,02,W,04:00 pm-06:45 pm,WEBB 213,"Clermont-Ferrand, M (P)"
ENG,480,01, ,TBA,TBA,"Donaghy, D (P)"
ENG,480,02, ,TBA,TBA,"Clermont-Ferrand, M (P)"
ENG,480,03, ,TBA,TBA,"Chirico, M (P)"
ENG,481,01, ,TBA,TBA,"Chirico, M (P)"
ENG,485,01, ,TBA,TBA,TBA
ENG,491,01, ,TBA,TBA,TBA
ENG,492,01, ,TBA,TBA,TBA
ENG,493,01, ,TBA,TBA,"Torockio, C (P)"
ENG,493,02, ,TBA,TBA,"Speicher, A (P)"
ENG,493,03, ,TBA,TBA,"Donaghy, D (P)"
ENG,493,04, ,TBA,TBA,"DeRosa, S (P)"
ENG,494,01, ,TBA,TBA,"Clermont-Ferrand, M (P)"
ENG,494,02, ,TBA,TBA,"Otero, M (P)"
ENG,494,03, ,TBA,TBA,"DeRosa, S (P)"
ENG,494,04, ,TBA,TBA,"Clermont-Ferrand, M (P)"
ENG,494,05, ,TBA,TBA,"Chirico, M (P)"
ENG,495,01, ,TBA,TBA,"Donaghy, D (P)"
ENG,495,02, ,TBA,TBA,"Clermont-Ferrand, M (P)"
ENG,495,03, ,TBA,TBA,"Donaghy, D (P)"
ENG,495,04, ,TBA,TBA,"Speicher, A (P)"
ENG,495,05, ,TBA,TBA,"Ferruci, S (P)"
ENG,499,01, ,TBA,TBA,"Speicher, A (P)"
ENG,499,02, ,TBA,TBA,"Clermont-Ferrand, M (P)"
ENG,499,03, ,TBA,TBA,"Ferruci, S (P)"
ENG,499,04, ,TBA,TBA,"Torockio, C (P)"
ENG,499,05, ,TBA,TBA,"DeRosa, S (P)"
EES,104,01,TR,09:30 am-10:45 am,SCIENC 236,"Cunningham, W (P)"
EES,104,02,TR,11:00 am-12:15 pm,SCIENC 215,"Oakley, B (P)"
EES,112,01,W,05:30 pm-07:15 pm,SCIENC 236,"Tran, L (P)"
EES,112,02,T,05:30 pm-07:15 pm,SCIENC 215,"Tran, L (P)"
EES,130,01,MWF,09:00 am-09:50 am,SCIENC 216,"Drzewiecki, P (P)"
EES,130,01,M,02:00 pm-04:50 pm,SCIENC 216,"Drzewiecki, P (P)"
EES,200,01,T,04:00 pm-06:45 pm,SCIENC 236,"Sandeen, J (P)"
EES,200,02,MWF,11:00 am-11:50 am,SCIENC 236,"Nathan, S (P)"
EES,204,01,TR,12:30 pm-01:45 pm,SCIENC 236,"DeLima, L (P)"
EES,204,02,TR,11:00 am-12:15 pm,SCIENC 236,"DeLima, L (P)"
EES,205,01,MWF,10:00 am-10:50 am,SCIENC 236,"Nathan, S (P)"
EES,205,02,W,07:00 pm-09:45 pm,SCIENC 114,"Khade, V (P)"
EES,207,01,R,04:00 pm-05:50 pm,SCIENC 417,"Carlson, H (P)"
EES,207,02,T,04:00 pm-05:50 pm,SCIENC 417,"Carlson, H (P)"
EES,207,03,W,04:00 pm-05:50 pm,SCIENC 417,"Carlson, H (P)"
EES,224,01,TR,09:30 am-10:45 am,SCIENC 215,"Hyatt, D (P)"
EES,224,01A,W,02:00 pm-04:50 pm,SCIENC 219,"Hyatt, D (P)"
EES,224,01A,W,02:00 pm-04:50 pm,SCIENC 215,"Hyatt, D (P)"
EES,224,01B,T,02:00 pm-04:50 pm,SCIENC 219,"Hyatt, D (P)"
EES,224,01B,T,02:00 pm-04:50 pm,SCIENC 215,"Hyatt, D (P)"
EES,271,H01,T,05:30 pm-06:15 pm,SCIENC 232,"Cunningham, W (P), Drzewiecki, P"
EES,271,H01, ,TBA,ONLINE,"Cunningham, W (P), Drzewiecki, P"
EES,300,01,MW,05:30 pm-06:45 pm,SCIENC 215,"Metcalf, M (P)"
EES,301,01,W,01:00 pm-03:50 pm,SCIENC 233,"Metcalf, M (P)"
EES,322,01,MW,04:00 pm-05:15 pm,SCIENC 202,"Metcalf, M (P)"
EES,322,01,M,01:00 pm-03:50 pm,SCIENC 202,"Metcalf, M (P)"
EES,323,01,W,04:00 pm-06:45 pm,SCIENC 233,"Nichols, S (P)"
EES,330,01,TR,11:00 am-12:15 pm,SCIENC 232,"Cunningham, W (P)"
EES,330,01,T,12:30 pm-03:20 pm,SCIENC 232,"Cunningham, W (P)"
EES,333,01,W,01:00 pm-01:50 pm,SCIENC 232,"Cunningham, W (P)"
EES,392,01, ,TBA,TBA,"Hyatt, D (P)"
EES,402,01,MWF,09:00 am-09:50 am,SCIENC 236,"Nathan, S (P)"
EES,402,01,MWF,09:00 am-09:50 am,SCIENC 219,"Nathan, S (P)"
EES,441,01,R,02:00 pm-04:50 pm,SCIENC 219,"Hyatt, D (P)"
EES,456,01,TR,09:30 am-10:45 am,SCIENC 216,"Oakley, B (P)"
EES,480,01, ,TBA,TBA,"Metcalf, M (P)"
EES,480,02, ,TBA,TBA,"Metcalf, M (P)"
EES,480,03, ,TBA,TBA,"Metcalf, M (P)"
EES,480,04, ,TBA,TBA,"Oakley, B (P)"
EES,486,01, ,TBA,TBA,TBA
EES,490,01, ,TBA,TBA,TBA
EES,491,01, ,TBA,TBA,"Oakley, B (P)"
EHS,210,01,TR,12:30 pm-01:45 pm,SCIENC 202,"Chadwick, J (P)"
EHS,480,01, ,TBA,TBA,TBA
EHS,494,01, ,TBA,TBA,TBA
FLM,219,01X,M,04:00 pm-06:45 pm,WEBB 112,"Erik-Soussi, A (P)"
FLM,220,01X,T,07:00 pm-09:45 pm,COMBLD 114D,"Ammari, M (P)"
FLM,220,01X,T,07:00 pm-09:45 pm,COMBLD 114D,"Ammari, M (P)"
FLM,220,01X,T,07:00 pm-09:45 pm,COMBLD 114D,"Ammari, M (P)"
FLM,220,02X,M,04:00 pm-06:45 pm,COMBLD 114D,"Carlson, R (P)"
FLM,220,02X,M,04:00 pm-06:45 pm,COMBLD 114D,"Carlson, R (P)"
FLM,220,02X,M,04:00 pm-06:45 pm,COMBLD 114D,"Carlson, R (P)"
FLM,220,03X,T,04:00 pm-06:45 pm,COMBLD 114D,"Ammari, M (P)"
FLM,220,03X,T,04:00 pm-06:45 pm,COMBLD 114D,"Ammari, M (P)"
FLM,220,03X,T,04:00 pm-06:45 pm,COMBLD 114D,"Ammari, M (P)"
FLM,220,04X,TR,11:00 am-12:15 pm,COMBLD 226,"Day, B (P)"
FLM,223,01X,M,12:00 pm-02:45 pm,GODDAR 200,"Bacholle, M (P)"
FLM,223,02X,W,12:00 pm-02:45 pm,GODDAR 200,"Bacholle, M (P)"
FLM,321,01,R,07:00 pm-09:45 pm,COMBLD 107,"Collins, G (P)"
FLM,380,01X,TR,02:00 pm-03:50 pm,FAIC 115,"Day, B (P)"
FIN,245,01,MWF,11:00 am-11:50 am,GODDAR 202,"Kyei, I (P)"
FIN,245,02,MWF,12:00 pm-12:50 pm,GODDAR 202,"Ryen, S (P)"
FIN,245,03,TR,11:00 am-12:15 pm,GODDAR 203,"Kyei, I (P)"
FIN,245,06,MWF,10:00 am-10:50 am,GODDAR 202,"Kyei, I (P)"
FIN,335,01,M,04:00 pm-06:45 pm,GODDAR 203,"Kyei, I (P)"
FIN,347,01,MWF,01:00 pm-01:50 pm,WEBB 210,"Ryen, S (P)"
FIN,350,01,T,04:00 pm-06:45 pm,COMBLD 218,"Days-Luketich, P (P)"
FIN,438,01,W,07:00 pm-09:45 pm,GODDAR 200,"Clifford, M (P)"
FIN,445,01,TR,11:00 am-12:15 pm,COMBLD 109,"Liang, L (P)"
FIN,445,02,TR,09:30 am-10:45 am,COMBLD 109,"Liang, L (P)"
FIN,446,01,TR,02:00 pm-03:15 pm,GODDAR 200,"Liang, L (P)"
FIN,462,01X,TR,09:30 am-10:45 am,GODDAR 203,"Clifford, M (P)"
FIN,462,02X,W,04:00 pm-06:45 pm,COMBLD 108,"Peteros, R (P)"
FIN,462,03X,TR,08:00 am-09:15 am,GODDAR 203,"Clifford, M (P)"
FIN,480,01, ,TBA,TBA,TBA
FIN,490,01V,R,04:00 pm-05:15 pm,COMBLD 218,"Eckenroth, G (P)"
FIN,492,01, ,TBA,TBA,TBA
FRE,120,01,MWF,11:00 am-11:50 am,GODDAR 200,"Bacholle, M (P)"
FRE,223,01X,M,12:00 pm-02:45 pm,GODDAR 200,"Bacholle, M (P)"
FRE,223,02X,W,12:00 pm-02:45 pm,GODDAR 200,"Bacholle, M (P)"
FRE,480,01, ,TBA,TBA,TBA
FRE,492,01, ,TBA,TBA,"Dahmani, F (P)"
FRE,492,02, ,TBA,TBA,"Dahmani, F (P)"
GEO,100,01,MWF,10:00 am-10:50 am,GODDAR 201,"Michimi, A (P)"
GEO,331,01,TR,09:30 am-10:45 am,LIBRAR 436,"Clements, S (P)"
GEO,332,01,MWF,09:00 am-09:50 am,GODDAR 208,"Michimi, A (P)"
GEO,480,01, ,TBA,TBA,TBA
HPE,104,01,M,04:00 pm-06:45 pm,GODDAR 201,"DiFranco, A (P)"
HPE,104,02,W,04:00 pm-06:45 pm,GODDAR 202,"Woodmansee, K (P)"
HPE,104,03,R,04:00 pm-06:45 pm,GODDAR 200,"Vogt, D (P)"
HPE,104,04,W,04:00 pm-06:45 pm,GODDAR 201,"Fresco-Hawes, C (P)"
HPE,104,05,T,04:00 pm-06:45 pm,GODDAR 200,"Henry, J (P)"
HPE,104,06,TR,09:30 am-10:45 am,CECE 167,"Robert, D (P)"
HPE,104,07,TR,11:00 am-12:15 pm,CECE 167,"Robert, D (P)"
HPE,104,08,M,04:00 pm-06:45 pm,GODDAR 202,"Henry, J (P)"
HPE,104,09,W,04:00 pm-06:45 pm,GODDAR 203,"Vogt, D (P)"
HPE,117,01,MWF,02:00 pm-02:50 pm,GODDAR 201,"de Wilde, A (P)"
HPE,127,01,TR,07:00 pm-08:15 pm,SPORT 104,"Sanford, L (P)"
HPE,140,01,MWF,11:00 am-11:50 am,FAIC 219,"Madenjian Wybieracki, K (P)"
HPE,140,02,MWF,11:00 am-11:50 am,FAIC 219,"Madenjian Wybieracki, K (P)"
HPE,140,03,MWF,12:00 pm-12:50 pm,FAIC 219,"Madenjian Wybieracki, K (P)"
HPE,140,04,MWF,12:00 pm-12:50 pm,FAIC 219,"Madenjian Wybieracki, K (P)"
HPE,140,05,TR,05:30 pm-06:45 pm,SPORT 104,"Sanford, L (P)"
HPE,140,06,TR,05:30 pm-06:45 pm,SPORT 104,"Sanford, L (P)"
HPE,141,01,TR,09:30 am-10:45 am,SPORT 104,"Khow, M (P)"
HPE,143,01,TR,08:00 am-09:15 am,SPORT 104,"Khow, M (P)"
HPE,201,01,W,04:00 pm-06:45 pm,GODDAR 208,"DiFranco, A (P)"
HPE,201,02,W,04:00 pm-06:45 pm,GODDAR 208,"DiFranco, A (P)"
HPE,210,01,W,04:00 pm-06:45 pm,GODDAR 216,"Frain, M (P)"
HPE,210,02,TR,12:30 pm-01:45 pm,GODDAR 216,"Manfredi, E (P)"
HPE,210,03,W,07:00 pm-09:45 pm,GODDAR 216,"Frain, M (P)"
HPE,310,01,W,07:00 pm-09:45 pm,GODDAR 208,"Cox, P (P)"
HPE,326,01,T,08:00 am-09:15 am,SPORT 219,"Tracy, J (P)"
HPE,326,01,R,08:00 am-09:15 am,FAIC 219,"Tracy, J (P)"
HPE,327,01,T,04:00 pm-06:45 pm,CECE 170,"Rowett, C (P)"
HPE,328,01,TR,04:00 pm-05:15 pm,SPORT 221,"Switchenko, D (P)"
HPE,329,01,TR,08:00 am-09:15 am,SPORT 221,"Switchenko, D (P)"
HPE,340,01,T,07:00 pm-09:45 pm,CECE 170,"Rowett, C (P)"
HPE,361,01,T,09:30 am-10:30 am,SPORT 219,"Manfredi, E (P)"
HPE,361,01,T,10:30 am-12:15 pm,SPORT 201/GYM,"Manfredi, E (P)"
HPE,362,01,R,09:30 am-10:30 am,SPORT 219,"Switchenko, K (P)"
HPE,362,01,R,10:30 am-12:15 pm,SPORT 201/GYM,"Switchenko, K (P)"
HPE,475,01,MTWRF,08:00 am-03:30 pm,TBA,"Robert, D (P)"
HPE,476,01,R,04:00 pm-06:45 pm,CECE 167,"Robert, D (P)"
HPE,480,01, ,TBA,TBA,"Rowett, C (P)"
HPE,490,01, ,TBA,TBA,"Robert, D (P)"
HPE,491,01, ,TBA,TBA,TBA
HPE,492,01, ,TBA,TBA,TBA
HSC,209,01X,M,04:00 pm-06:45 pm,GODDAR 216,"Carroll, S (P)"
HSC,209,02X,TR,04:00 pm-05:15 pm,GODDAR 208,"Clements, S (P)"
HSC,210,01,MWF,11:00 am-11:50 am,COMBLD 107,"Canavan, P (P)"
HSC,215,01,TR,12:30 pm-01:45 pm,GODDAR 117,"Smith, E (P)"
HSC,215,01A,W,09:00 am-11:50 am,SCIENC 237,"Porebska, B (P)"
HSC,215,01B,W,12:00 pm-02:50 pm,SCIENC 237,"Porebska, B (P)"
HSC,215,01C,T,08:00 am-10:50 am,SCIENC 237,"Kyle, K (P)"
HSC,215,01D,R,08:00 am-10:50 am,SCIENC 237,"Bane, E (P)"
HSC,215,01E,M,04:00 pm-06:50 pm,SCIENC 237,"Porebska, B (P)"
HSC,215,01F,M,01:00 pm-03:50 pm,SCIENC 237,"Smith, E (P)"
HSC,215,01G,F,08:00 am-10:50 am,SCIENC 237,"Kyle, K (P)"
HSC,215,02,MWF,12:00 pm-12:50 pm,GODDAR 216,"Smith, E (P)"
HSC,215,03,TR,11:00 am-12:15 pm,COMBLD 108,"Smith, E (P)"
HSC,225,01,TR,12:30 pm-01:45 pm,GODDAR 200,"Dzurec, L (P)"
HSC,225,02,TR,08:00 am-09:15 am,GODDAR 208,"Beever, J (P)"
HSC,225,03,MWF,01:00 pm-01:50 pm,GODDAR 216,"Dzurec, L (P)"
HSC,225,04,MWF,11:00 am-11:50 am,GODDAR 203,"Dzurec, L (P)"
HSC,235,01,MWF,01:00 pm-01:50 pm,GODDAR 117,"Bissonnette, A (P)"
HSC,280,01, ,TBA,TBA,TBA
HSC,290,01, ,TBA,TBA,TBA
HSC,291,01, ,TBA,TBA,"Porebska, B (P)"
HSC,291,02, ,TBA,TBA,"Smith, E (P)"
HSC,302,01X,TR,09:30 am-10:45 am,GODDAR 223,"Carroll, S (P)"
HSC,308,01,MWF,09:00 am-09:50 am,GODDAR 200,"Bataille, A (P)"
HSC,318,01,MWF,10:00 am-10:50 am,GODDAR 223,"Canavan, P (P)"
HSC,318,01A,T,12:30 pm-03:20 pm,GODDAR 127,"Canavan, P (P)"
HSC,318,01B,T,08:00 am-10:50 am,GODDAR 127,"Canavan, P (P)"
HSC,318,02,MWF,01:00 pm-01:50 pm,GODDAR 208,"Cote, A (P)"
HSC,318,02A,M,08:00 am-10:50 am,GODDAR 127,"Tackett, M (P)"
HSC,318,02B,M,03:00 pm-05:50 pm,GODDAR 127,"Canavan, P (P)"
HSC,318,03,MWF,02:00 pm-02:50 pm,GODDAR 208,"Cote, A (P)"
HSC,318,03A,W,08:00 am-10:50 am,GODDAR 127,"Joiner, K (P)"
HSC,318,03B,T,04:00 pm-06:50 pm,GODDAR 127,"Joiner, K (P)"
HSC,319,01,MWF,11:00 am-11:50 am,GODDAR 223,"Bataille, A (P)"
HSC,319,01A,R,12:30 pm-03:20 pm,GODDAR 127,"Bataille, A (P)"
HSC,319,01B,R,08:00 am-10:50 am,GODDAR 127,"Bataille, A (P)"
HSC,319,02,MWF,01:00 pm-01:50 pm,GODDAR 223,"Bataille, A (P)"
HSC,319,02A,F,08:00 am-10:50 am,GODDAR 127,"Tackett, M (P)"
HSC,319,02B,F,02:00 pm-04:50 pm,GODDAR 127,"Thapa, G (P)"
HSC,320,01,MWF,12:00 pm-12:50 pm,GODDAR 117,"Dale, D (P)"
HSC,332,01,TR,11:00 am-12:15 pm,GODDAR 117,"Dale, D (P)"
HSC,342,01,TR,08:00 am-09:15 am,GODDAR 200,"Dale, D (P)"
HSC,356,01,MWF,09:00 am-09:50 am,SPORT 219,"Anderson, G (P)"
HSC,370,01,TR,09:30 am-10:45 am,GODDAR 123,"Alexander, J (P)"
HSC,380,01, ,TBA,TBA,"Walters, S (P)"
HSC,380,02, ,TBA,TBA,"Bataille, A (P)"
HSC,390,01, ,TBA,TBA,"Carroll, S (P)"
HSC,391,01, ,TBA,TBA,"Canavan, P (P)"
HSC,391,02, ,TBA,TBA,"Carroll, S (P)"
HSC,391,03, ,TBA,TBA,"Bane, E (P)"
HSC,391,04, ,TBA,TBA,"Smith, E (P)"
HSC,391,05, ,TBA,TBA,TBA
HSC,400,01,MWF,12:00 pm-01:10 pm,SCIENC 115,"Walters, S (P)"
HSC,404,01,MWF,11:00 am-11:50 am,GODDAR 208,"Nsiah, Y (P)"
HSC,408,01,TR,09:30 am-10:45 am,GODDAR 208,"Beever, J (P)"
HSC,425,01,MWF,08:00 am-08:50 am,GODDAR 200,"Dzurec, D (P)"
HSC,425,01,M,02:00 pm-04:50 pm,SCIENC 341,"Dzurec, D (P)"
HSC,438,01,MWF,02:00 pm-02:50 pm,GODDAR 117,"Bissonnette, A (P)"
HSC,438,02,TR,12:30 pm-01:45 pm,GODDAR 201,"Blancaflor, S (P)"
HSC,444,01,TR,05:30 pm-09:45 pm,GODDAR 123,"Beebe, J (P)"
HSC,450,01,MWF,11:00 am-11:50 am,GODDAR 117,"Dale, D (P)"
HSC,480,01, ,TBA,TBA,"Canavan, P (P)"
HSC,480,02, ,TBA,TBA,"Canavan, P (P)"
HSC,480,03, ,TBA,TBA,"Carroll, S (P)"
HSC,480,04, ,TBA,TBA,"Carroll, S (P)"
HSC,480,05, ,TBA,TBA,TBA
HSC,480,06, ,TBA,TBA,"Carroll, S (P)"
HSC,480,07, ,TBA,TBA,"Walters, S (P)"
HSC,480,08, ,TBA,TBA,"Walters, S (P)"
HSC,490,01, ,TBA,TBA,"Carroll, S (P)"
HSC,491,01, ,TBA,TBA,"Dzurec, D (P)"
HSC,491,02, ,TBA,TBA,"Porebska, B (P)"
HSC,491,03, ,TBA,TBA,"Carroll, S (P)"
HSC,491,04, ,TBA,TBA,"Beebe, J (P)"
HSC,491,05, ,TBA,TBA,"Kyle, K (P)"
HSC,491,06, ,TBA,TBA,"Thapa, G (P)"
HIS,101,01,TR,09:30 am-10:45 am,SCIENC 231,"Carenen, C (P)"
HIS,116,01,MWF,09:00 am-09:50 am,LIBRAR 436,"Davis, B (P)"
HIS,116,02,MWF,01:00 pm-01:50 pm,LIBRAR 436,"Davis, B (P)"
HIS,120,01,TR,08:00 am-09:15 am,WEBB 315,"Close, S (P)"
HIS,120,02,TR,02:00 pm-03:15 pm,WEBB 315,"Close, S (P)"
HIS,121,01,TR,12:30 pm-01:45 pm,WEBB 315,"Close, S (P)"
HIS,200,01,MWF,10:00 am-11:10 am,LIBRAR 266,"Davis, B (P)"
HIS,230,01,TR,11:00 am-12:15 pm,WEBB 214,"Frye, D (P)"
HIS,230,02,W,04:00 pm-06:45 pm,WEBB 216,"Frye, D (P)"
HIS,230,03,TR,04:00 pm-05:15 pm,WEBB 214,"Frye, D (P)"
HIS,231,01,MWF,09:00 am-09:50 am,FAIC 305,"Moore, S (P)"
HIS,255,01,MWF,11:00 am-11:50 am,WEBB 317,"Saenz Cambra, C (P)"
HIS,267,01,W,07:00 pm-09:45 pm,WEBB 317,"Frye, D (P)"
HIS,322,01,TR,09:30 am-10:45 am,WEBB 315,"Close, S (P)"
HIS,325,01,W,04:00 pm-06:45 pm,WEBB 215,"Balcerski, T (P)"
HIS,337,01,MWF,01:00 pm-01:50 pm,WEBB 315,"Moore, S (P)"
HIS,362,01,TR,04:00 pm-05:15 pm,GODDAR 216,"Ostwald, J (P)"
HIS,365,02,TR,02:00 pm-03:15 pm,WEBB 113,"Frye, D (P)"
HIS,373,01,MWF,02:00 pm-02:50 pm,WEBB 212,"Davis, B (P)"
HIS,379,01,TR,11:00 am-12:15 pm,LIBRAR 436,"Carenen, C (P)"
HIS,386,01,TR,12:30 pm-01:45 pm,WEBB 206,"Ostwald, J (P)"
HIS,406,01,MWF,11:00 am-12:10 pm,WEBB 213,"Moore, S (P)"
HIS,480,01, ,TBA,TBA,"Davis, B (P)"
HIS,480,02, ,TBA,TBA,"Moore, S (P)"
HIS,480,03, ,TBA,TBA,"Moore, S (P)"
HIS,480,04, ,TBA,TBA,"Balcerski, T (P)"
HIS,480,05, ,TBA,TBA,"Close, S (P)"
HIS,481,01, ,TBA,TBA,"Frye, D (P)"
HIS,490,01, ,TBA,TBA,TBA
HIS,491,01, ,TBA,TBA,"Moore, S (P)"
HIS,491,02, ,TBA,TBA,"Moore, S (P)"
HIS,491,03, ,TBA,TBA,"Moore, S (P)"
HIS,491,04, ,TBA,TBA,"Frye, D (P)"
HON,361,01,T,04:00 pm-06:45 pm,FAIC 115,"Cobb, J (P)"
HON,361,02,MW,04:00 pm-05:15 pm,WEBB 114,"Youngblood, J (P)"
HON,362,01,MWF,01:00 pm-01:50 pm,WEBB 213,"Fugere, M (P)"
HON,375,01,W,03:00 pm-03:50 pm,FAIC 115,"Cochran, T (P)"
HON,380,01, ,TBA,TBA,TBA
HON,488,01, ,TBA,TBA,"Gao, K (P)"
HON,488,02, ,TBA,TBA,"Krebs, C (P)"
HON,488,03, ,TBA,TBA,"Moore, S (P)"
HON,488,04, ,TBA,TBA,"Guo, M (P)"
HON,488,05, ,TBA,TBA,"Morgan, K (P)"
HON,488,06, ,TBA,TBA,"Groth, A (P)"
HON,488,07, ,TBA,TBA,"Carroll, S (P)"
HON,488,08, ,TBA,TBA,"Broscious, C (P)"
HON,488,09, ,TBA,TBA,"Dancik, G (P)"
HON,488,10, ,TBA,TBA,"Dancik, G (P)"
HON,488,11, ,TBA,TBA,"Torockio, C (P)"
HON,488,12, ,TBA,TBA,"Greene, R (P)"
HON,488,13, ,TBA,TBA,"Speicher, A (P)"
HON,488,14, ,TBA,TBA,"Heenehan, M (P)"
HON,488,15, ,TBA,TBA,"Metcalf, M (P)"
HON,488,16, ,TBA,TBA,"Tasneem, S (P)"
HON,488,17, ,TBA,TBA,"Vasquez-O'Brien, T (P)"
HON,488,18, ,TBA,TBA,"Bataille, A (P)"
HON,488,19, ,TBA,TBA,"Pakdil, F (P)"
IIP,200,01, ,TBA,TBA,"Drewry, C (P)"
IIP,200,02, ,TBA,TBA,TBA
IIP,300,01, ,TBA,TBA,"Drewry, C (P)"
IIP,300,02, ,TBA,TBA,"Drewry, C (P)"
ISP,300,01, ,TBA,TBA,"Drewry, C (P)"
ISP,301,01, ,TBA,TBA,"Drewry, C (P)"
LHR,490,01, ,TBA,TBA,TBA
LAS,219,01X,M,04:00 pm-06:45 pm,WEBB 112,"Erik-Soussi, A (P)"
LAC,100,01,TR,12:30 pm-01:45 pm,FAIC 118,"Calissi, J (P)"
LAC,100,02,MWF,11:00 am-11:50 am,SCIENC 216,"Drzewiecki, P (P)"
LAC,100,03,MWF,10:00 am-10:50 am,FAIC 118,"Holland, J (P)"
LAC,101,01,M,10:00 am-10:50 am,FAIC 115,"Calissi, J (P)"
LAC,101,02,W,12:00 pm-12:50 pm,SCIENC 216,"Drzewiecki, P (P)"
LAC,101,03,M,09:00 am-09:50 am,FAIC 118,"Holland, J (P)"
LAC,101,04,M,04:00 pm-04:50 pm,FAIC 118,"Pellegrini, D (P)"
LAC,200,01,MWF,11:00 am-11:50 am,GODDAR 216,"Chirico, M (P), Diller, J , Doyle, M"
LAC,200,02,MWF,01:00 pm-01:50 pm,SCIENC 134,"Ward, K (P), Heenehan, M"
LAC,200,03,MWF,01:00 pm-01:50 pm,FAIC 110,"O'Neal, F (P)"
LAC,400,01,W,07:00 pm-09:45 pm,WEBB 210,"Stoloff, D (P)"
LAP,430,01,W,07:00 pm-09:45 pm,WEBB 113,"White, J (P)"
MGT,502,E25, ,TBA,TBA,"Dowdell, D (P)"
MGT,502,E26, ,TBA,ONLINE,"Dowdell, D (P)"
MGT,505,E25, ,TBA,TBA,"Ferraro, L (P)"
MGT,506,E25, ,TBA,TBA,"Oh, N (P)"
MGT,508,E25, ,TBA,TBA,"Grandhi, S (P)"
MAT,099,01,MWF,09:00 am-09:50 am,SCIENC 234,"Whitehead, B (P)"
MAT,099,02,TR,04:00 pm-05:15 pm,SCIENC 234,"Wu, S (P)"
MAT,099,03,MWF,02:00 pm-02:50 pm,WEBB 314,"Fister, K (P)"
MAT,135,01,MWF,08:00 am-08:50 am,SCIENC 132,"Whitehead, B (P)"
MAT,135,02,MWF,02:00 pm-02:50 pm,SCIENC 114,"Osei Bonsu, K (P)"
MAT,135,03,TR,09:30 am-10:45 am,SCIENC 132,"Wu, S (P)"
MAT,135P,01,MWF,08:00 am-08:50 am,GODDAR 203,"Pozdnyakova, Z (P)"
MAT,135P,01,M,09:00 am-09:50 am,GODDAR 203,"Pozdnyakova, Z (P)"
MAT,135P,02,MWF,09:00 am-09:50 am,WEBB 112,"Coffey, K (P)"
MAT,135P,02,F,10:00 am-10:50 am,WEBB 112,"Coffey, K (P)"
MAT,135P,03,TR,08:00 am-09:50 am,SCIENC 117,"Allen, E (P)"
MAT,135P,04,MWF,02:00 pm-02:50 pm,SCIENC 137,"Coffey, K (P)"
MAT,135P,04,F,01:00 pm-01:50 pm,SCIENC 137,"Coffey, K (P)"
MAT,135P,05,MW,04:00 pm-05:50 pm,SCIENC 132,"Fister, K (P)"
MAT,135P,06,TR,02:00 pm-03:50 pm,SCIENC 114,"Gageonea, M (P)"
MAT,135P,07,TR,04:00 pm-05:50 pm,SCIENC 117,"Gageonea, M (P)"
MAT,139P,01,MWF,09:00 am-09:50 am,WEBB 114,"Brunelle, K (P)"
MAT,139P,01,W,08:00 am-08:50 am,WEBB 114,"Brunelle, K (P)"
MAT,139P,02,TR,04:00 pm-05:50 pm,SCIENC 132,"Johnson, P (P)"
MAT,140,01,M,04:00 pm-05:15 pm,SCIENC 238,"Jaros, S (P)"
MAT,140,01,W,04:00 pm-05:15 pm,SCIENC 137,"Jaros, S (P)"
MAT,155,01,MWF,09:00 am-09:50 am,SCIENC 116,"Osei Bonsu, K (P)"
MAT,155,01,M,10:00 am-10:50 am,SCIENC 116,"Osei Bonsu, K (P)"
MAT,155P,01,MWF,01:00 pm-01:50 pm,SCIENC 132,"Ladd, J (P)"
MAT,155P,01,MW,02:00 pm-02:50 pm,SCIENC 132,"Ladd, J (P)"
MAT,155P,02,TR,09:30 am-10:45 am,SCIENC 114,"Aidoo, A (P)"
MAT,155P,02,W,10:00 am-11:50 am,SCIENC 116,"Aidoo, A (P)"
MAT,216,01,MWF,02:00 pm-02:50 pm,SCIENC 234,"Larose, C (P)"
MAT,216,02,MWF,01:00 pm-01:50 pm,SCIENC 234,"Larose, C (P)"
MAT,216,03,MWF,11:00 am-11:50 am,SCIENC 234,"Pozdnyakova, Z (P)"
MAT,216,04,TR,08:00 am-09:15 am,SCIENC 234,"Dale, K (P)"
MAT,216,05,TR,04:00 pm-05:15 pm,SCIENC 238,"Bussiere, J (P)"
MAT,217,01,MWF,10:00 am-10:50 am,SCIENC 234,"Larose, C (P)"
MAT,230,01,MWF,10:00 am-10:50 am,SCIENC 132,"Heenehan, M (P)"
MAT,230,02,TR,12:30 pm-01:45 pm,SCIENC 116,"Aidoo, A (P)"
MAT,243,01,MWF,09:00 am-09:50 am,SCIENC 114,"Yankov, C (P)"
MAT,243,01,W,08:00 am-08:50 am,SCIENC 114,"Yankov, C (P)"
MAT,243,02,M,01:00 pm-01:50 pm,SCIENC 137,"Sarikhani Khorami, M (P)"
MAT,243,02,TR,11:00 am-12:15 pm,SCIENC 114,"Sarikhani Khorami, M (P)"
MAT,243,03,MWF,11:00 am-11:50 am,SCIENC 114,"Yankov, C (P)"
MAT,243,03,W,12:00 pm-12:50 pm,SCIENC 114,"Yankov, C (P)"
MAT,244,01,MWF,11:00 am-11:50 am,SCIENC 132,"Osei Bonsu, K (P)"
MAT,244,01,W,12:00 pm-12:50 pm,SCIENC 116,"Osei Bonsu, K (P)"
MAT,315,01,MWF,01:00 pm-01:50 pm,SCIENC 238,"Johnson, P (P)"
MAT,315,01,M,02:00 pm-02:50 pm,SCIENC 238,"Johnson, P (P)"
MAT,320,01,MWF,12:00 pm-12:50 pm,SCIENC 132,"Heenehan, M (P)"
MAT,340,01,TR,02:00 pm-03:15 pm,SCIENC 132,"Aidoo, A (P)"
MAT,340,01,W,02:00 pm-02:50 pm,SCIENC 238,"Aidoo, A (P)"
MAT,341,01,MWF,09:00 am-09:50 am,SCIENC 132,"Ward, K (P)"
MAT,343,01,MWF,11:00 am-11:50 am,SCIENC 238,"Larose, C (P)"
MAT,355,01,TR,12:30 pm-01:45 pm,SCIENC 114,"Sarikhani Khorami, M (P)"
MAT,362,01,TR,07:00 pm-08:15 pm,SCIENC 114,"Johnson, P (P)"
MAT,421,01,MWF,10:00 am-10:50 am,SCIENC 114,"Yankov, C (P)"
MAT,480,01, ,TBA,TBA,"Sarikhani Khorami, M (P)"
MAT,480,02, ,TBA,TBA,"Osei Bonsu, K (P)"
MAT,480,03, ,TBA,TBA,"Johnson, P (P)"
MAT,480,04, ,TBA,TBA,"Johnson, P (P)"
MAT,490,01, ,TBA,TBA,"Sarikhani Khorami, M (P)"
MAT,491,01, ,TBA,TBA,TBA
MSC,132,01,R,11:00 am-11:50 am,TBA,TBA
MSC,132,02,F,11:15 am-12:05 pm,TBA,TBA
MSC,132,03,W,01:00 pm-01:50 pm,LIBRAR 266,"Sholes, Z (P)"
MSC,146,01,T,01:00 pm-03:00 pm,TBA,TBA
MSC,146,02,W,02:00 pm-04:00 pm,LIBRAR 266,"Sholes, Z (P)"
MSC,253,01,W,01:25 pm-03:25 pm,TBA,"Thompson, A (P)"
MSC,253,01,F,01:00 pm-05:00 pm,TBA,"Thompson, A (P)"
MSC,298,01,F,07:00 am-09:00 am,TBA,TBA
MSC,298,01,F,01:00 pm-05:00 pm,TBA,TBA
MSA,114,01,W,02:30 pm-03:20 pm,TBA,TBA
MSA,114,01,R,12:30 pm-01:20 pm,TBA,TBA
MSA,124,01,W,02:30 pm-03:20 pm,TBA,TBA
MSA,124,01,R,02:00 pm-03:15 pm,TBA,TBA
MSA,124,01,R,03:30 pm-07:00 pm,TBA,TBA
MSA,201,01,T,05:00 pm-08:00 pm,TBA,TBA
MSA,236,01,W,03:35 pm-06:35 pm,TBA,TBA
MSA,236,01,R,03:30 pm-07:00 pm,TBA,TBA
MSA,246,01,W,03:30 pm-06:30 pm,TBA,TBA
MSA,246,01,R,03:30 pm-07:00 pm,TBA,TBA
MUS,100,01,MWF,08:00 am-08:50 am,FAIC 110,"Balough, T (P)"
MUS,100,02,MWF,09:00 am-09:50 am,FAIC 110,"Balough, T (P)"
MUS,103,01,MW,05:30 pm-06:45 pm,FAIC 110,"Belles, D (P)"
MUS,107,01,W,07:00 pm-09:30 pm,FAIC 108,"Watkins, K (P), D'Aleo, J"
MUS,113,01,WF,03:00 pm-03:50 pm,FAIC 110,"Belles, D (P)"
MUS,113,02,F,03:30 pm-04:50 pm,FAIC 108,"Calissi, J (P)"
MUS,113,03,M,04:00 pm-05:30 pm,FAIC 108,"Cornicello, A (P)"
MUS,113,04,R,05:30 pm-06:45 pm,FAIC 108,"Riggs, E (P)"
MUS,113,05,T,07:00 pm-08:20 pm,FAIC 110,"Ballena, D (P)"
MUS,113,06,M,03:00 pm-03:50 pm,FAIC 108,"O'Neal, F (P)"
MUS,113,08,R,12:30 pm-01:45 pm,FAIC 110,"Delaney, E (P)"
MUS,114,01,TR,09:30 am-10:45 am,FAIC 212,"Calissi, R (P)"
MUS,114,02,TR,11:00 am-12:15 pm,FAIC 212,"Calissi, R (P)"
MUS,114,03,MWF,10:00 am-10:50 am,FAIC 212,"Ballena, D (P)"
MUS,114,04,MWF,11:00 am-11:50 am,FAIC 212,"Ballena, D (P)"
MUS,118,01,TR,02:00 pm-03:15 pm,FAIC 108,"Delaney, E (P)"
MUS,120,01,TR,02:00 pm-03:15 pm,FAIC 110,"Calissi, J (P)"
MUS,160,01,MWF,02:00 pm-02:50 pm,FAIC 307,"O'Neal, F (P)"
MUS,205,01,MWF,11:00 am-11:50 am,FAIC 108,"Cornicello, A (P)"
MUS,214,01,MWF,09:00 am-09:50 am,FAIC 212,"Hwang, O (P)"
MUS,215,01,W,10:00 am-10:50 am,FAIC 108,"Calissi, J (P)"
MUS,215,02,F,10:00 am-10:50 am,FAIC 108,"Calissi, J (P)"
MUS,234,01,MWF,11:00 am-11:50 am,FAIC 305,"Calissi, J (P)"
MUS,236,01,TR,09:30 am-10:45 am,FAIC 108,"Cochran, T (P)"
MUS,250,01,TR,11:00 am-12:15 pm,FAIC 243,"Echols, C (P)"
MUS,250,02,TR,12:30 pm-01:45 pm,FAIC 243,"Echols, C (P)"
MUS,330,01,MWF,11:00 am-11:50 am,FAIC 307,"Hwang, O (P)"
MUS,356,01, ,TBA,TBA,TBA
MUS,356,02, ,TBA,TBA,TBA
MUS,356,03, ,TBA,TBA,TBA
MUS,356,04, ,TBA,TBA,TBA
MUS,356,05, ,TBA,TBA,TBA
MUS,356,06, ,TBA,TBA,TBA
MUS,356,07, ,TBA,TBA,TBA
MUS,356,08, ,TBA,TBA,TBA
MUS,356,09, ,TBA,TBA,"Toner, A (P)"
MUS,356,10, ,TBA,TBA,TBA
MUS,356,11, ,TBA,TBA,TBA
MUS,356,12, ,TBA,TBA,"Delaney, E (P)"
MUS,356,13, ,TBA,TBA,TBA
MUS,356,14, ,TBA,TBA,TBA
MUS,356,15, ,TBA,TBA,TBA
MUS,356,16, ,TBA,TBA,"Cornicello, A (P)"
MUS,356,17, ,TBA,TBA,TBA
MUS,356,18, ,TBA,TBA,TBA
MUS,356,19, ,TBA,TBA,TBA
MUS,356,20, ,TBA,TBA,"Calissi, J (P)"
MUS,356,21, ,TBA,TBA,"Calissi, R (P)"
MUS,356,22, ,TBA,TBA,"Hwang, O (P)"
MUS,356,23, ,TBA,TBA,TBA
MUS,356,24, ,TBA,TBA,"Thomas, J (P)"
MUS,356,25, ,TBA,TBA,TBA
MUS,356,26, ,TBA,TBA,TBA
MUS,356,27, ,TBA,TBA,TBA
MUS,356,28, ,TBA,TBA,TBA
MUS,356,29, ,TBA,TBA,TBA
MUS,356,30, ,TBA,TBA,TBA
MUS,356,31, ,TBA,TBA,"Washburn, S (P)"
MUS,356,32, ,TBA,TBA,"Washburn, S (P)"
MUS,356,33, ,TBA,TBA,"Riggs, E (P)"
MUS,356,34, ,TBA,TBA,TBA
MUS,356,35, ,TBA,TBA,TBA
MUS,356,36, ,TBA,TBA,TBA
MUS,356,37, ,TBA,TBA,TBA
MUS,356,38, ,TBA,TBA,TBA
MUS,356,39, ,TBA,TBA,"Ballena, D (P)"
MUS,356,40, ,TBA,TBA,"Ballena, D (P)"
MUS,356,41, ,TBA,TBA,"Bronson, M (P)"
MUS,372,01,MWF,01:00 pm-01:50 pm,FAIC 243,"Cornicello, A (P)"
MUS,395,01, ,TBA,TBA,"Riggs, E (P)"
MUS,395,02, ,TBA,TBA,"Hwang, O (P)"
MUS,395,03, ,TBA,TBA,"Delaney, E (P)"
MUS,456,01, ,TBA,TBA,TBA
MUS,456,02, ,TBA,TBA,TBA
MUS,456,03, ,TBA,TBA,TBA
MUS,456,04, ,TBA,TBA,TBA
MUS,456,05, ,TBA,TBA,TBA
MUS,456,06, ,TBA,TBA,TBA
MUS,456,07, ,TBA,TBA,TBA
MUS,456,08, ,TBA,TBA,TBA
MUS,456,09, ,TBA,TBA,TBA
MUS,456,10, ,TBA,TBA,TBA
MUS,456,11, ,TBA,TBA,TBA
MUS,456,12, ,TBA,TBA,"Delaney, E (P)"
MUS,456,13, ,TBA,TBA,TBA
MUS,456,14, ,TBA,TBA,TBA
MUS,456,15, ,TBA,TBA,TBA
MUS,456,16, ,TBA,TBA,TBA
MUS,456,17, ,TBA,TBA,TBA
MUS,456,18, ,TBA,TBA,TBA
MUS,456,19, ,TBA,TBA,TBA
MUS,456,20, ,TBA,TBA,TBA
MUS,456,21, ,TBA,TBA,TBA
MUS,456,22, ,TBA,TBA,"Hwang, O (P)"
MUS,456,23, ,TBA,TBA,TBA
MUS,456,24, ,TBA,TBA,TBA
MUS,456,25, ,TBA,TBA,TBA
MUS,456,26, ,TBA,TBA,TBA
MUS,456,27, ,TBA,TBA,TBA
MUS,456,28, ,TBA,TBA,TBA
MUS,456,29, ,TBA,TBA,TBA
MUS,456,30, ,TBA,TBA,TBA
MUS,456,31, ,TBA,TBA,TBA
MUS,456,32, ,TBA,TBA,TBA
MUS,456,33, ,TBA,TBA,TBA
MUS,456,34, ,TBA,TBA,"Riggs, E (P)"
MUS,480,01, ,TBA,TBA,"Cochran, T (P)"
MUS,480,02, ,TBA,TBA,"Belles, D (P)"
MUS,480,03, ,TBA,TBA,"Calissi, J (P)"
MUS,480,04, ,TBA,TBA,"Riggs, E (P)"
MUS,480,05, ,TBA,TBA,"Cochran, T (P)"
MUS,480,06, ,TBA,TBA,"Calissi, J (P)"
MUS,480,07, ,TBA,TBA,"Belles, D (P)"
MUS,480,08, ,TBA,TBA,"Belles, D (P)"
MUS,495,01, ,TBA,TBA,TBA
NSE,300,01, ,TBA,TBA,"Drewry, C (P)"
NUR,205,01,TR,04:00 pm-05:15 pm,GODDAR 117,"Dotson, T (P)"
NUR,205,02,TR,02:00 pm-03:15 pm,GODDAR 117,"Dotson, T (P)"
NUR,372,01,MW,09:00 am-10:30 am,GODDAR 117,"Cote, A (P)"
NUR,403,01,WF,11:00 am-12:30 pm,SCIENC 137,"Cote, A (P)"
NUR,424,01,MW,04:00 pm-05:15 pm,GODDAR 117,"Nadeau, C (P)"
NUR,424,01A, ,TBA,TBA,"Blain, J (P)"
NUR,424,01B, ,TBA,TBA,"Geer, S (P)"
NUR,424,01C, ,TBA,TBA,"Mooney, M (P)"
NUR,424,01D, ,TBA,TBA,"Goyette, L (P)"
OSC,260,01,TR,11:00 am-12:15 pm,WEBB 212,"Schaller, J (P)"
OSC,260,02,T,04:00 pm-06:45 pm,COMBLD 201,"Wray, M (P)"
OSC,260,03,MWF,08:00 am-08:50 am,COMBLD 201,"Pakdil, F (P)"
OSC,360,01,TR,02:00 pm-03:15 pm,WEBB 307,"Schaller, J (P)"
ORG,696,01, ,TBA,TBA,"Bachiochi, P (P)"
ORG,696,02, ,TBA,TBA,"Dexter, R (P)"
ORG,696,03, ,TBA,TBA,"Vo, B (P)"
ORG,696,04, ,TBA,TBA,"Oh, N (P)"
ORG,699,01, ,TBA,TBA,TBA
PHI,120,01,MWF,02:00 pm-02:50 pm,LIBRAR 436,"Rukgaber, M (P)"
PHI,120,02,MWF,11:00 am-11:50 am,LIBRAR 436,"Verrastro, N (P)"
PHI,210,01,TR,09:30 am-10:45 am,FAIC 115,"Swift, P (P)"
PHI,215,01,MWF,09:00 am-09:50 am,WEBB 214,"Stocker, K (P)"
PHI,220,01,MW,04:00 pm-05:15 pm,GODDAR 223,"Slutsky, D (P)"
PHI,330,01,TR,11:00 am-12:15 pm,GODDAR 202,"Rukgaber, M (P)"
PHI,340,01,TR,02:00 pm-03:15 pm,LIBRAR 436,"Swift, P (P)"
PHI,365,01X,TR,04:00 pm-05:15 pm,GODDAR 201,"Verrastro, N (P)"
PHI,480,01, ,TBA,TBA,"Stocker, K (P)"
PHI,480,02, ,TBA,TBA,"Stocker, K (P)"
PHI,480,03, ,TBA,TBA,"Krassas, N (P)"
PHI,498,01, ,TBA,TBA,"Mendoza-Botelho, M (P)"
PHS,105,01,TR,02:00 pm-03:15 pm,SCIENC 431,"Pazameta, Z (P)"
PHY,205,01,TR,12:30 pm-01:45 pm,SCIENC 431,"Pazameta, Z (P)"
PHY,205,01A,M,02:00 pm-03:50 pm,SCIENC 403,"Pazameta, Z (P)"
PHY,205,01B,R,02:00 pm-03:50 pm,SCIENC 403,"Kerr, M (P)"
PHY,480,01, ,TBA,TBA,TBA
PSC,100,01,MWF,09:00 am-09:50 am,WEBB 110,"Easton, W (P)"
PSC,201,01,TR,09:30 am-10:45 am,WEBB 113,"Broscious, C (P)"
PSC,201,02,TR,12:30 pm-01:45 pm,WEBB 113,"Broscious, C (P)"
PSC,208,01,TR,09:30 am-10:45 am,WEBB 212,"Mendoza-Botelho, M (P)"
PSC,208,02,TR,02:00 pm-03:15 pm,SCIENC 116,"Mendoza-Botelho, M (P)"
PSC,211,01,MWF,11:00 am-11:50 am,SCIENC 117,"Garcia, M (P)"
PSC,217,01,TR,12:30 pm-01:45 pm,LIBRAR 436,"Swetzoff, S (P)"
PSC,300,01,TR,12:30 pm-01:45 pm,WEBB 112,"Easton, W (P)"
PSC,310,01,TR,02:00 pm-03:15 pm,SCIENC 117,"Swetzoff, S (P)"
PSC,325,01,MWF,11:00 am-11:50 am,WEBB 210,"Krassas, N (P)"
PSC,350,01,TR,11:00 am-12:15 pm,WEBB 113,"Garcia, M (P)"
PSC,365,01X,TR,04:00 pm-05:15 pm,GODDAR 201,"Verrastro, N (P)"
PSC,400,01,MWF,01:00 pm-01:50 pm,WEBB 115,"Krassas, N (P)"
PSC,460,01,T,04:00 pm-06:45 pm,WEBB 115,"Mendoza-Botelho, M (P)"
PSC,480,01, ,TBA,TBA,"Krassas, N (P)"
PSC,480,02, ,TBA,TBA,"Mendoza-Botelho, M (P)"
PSC,494,01, ,TBA,TBA,TBA
PSC,495,01V, ,TBA,TBA,"Krassas, N (P)"
PSC,498,01, ,TBA,TBA,"Mendoza-Botelho, M (P)"
PSY,100,01,MWF,10:00 am-10:50 am,WEBB 110,"Salters-Pedneault, K (P)"
PSY,100,02,MWF,11:00 am-11:50 am,WEBB 110,"Salters-Pedneault, K (P)"
PSY,100,03,TR,04:00 pm-05:15 pm,WEBB 317,"Hall, M (P)"
PSY,101,01,M,09:00 am-09:50 am,WEBB 216,"Diller, J (P)"
PSY,101,02,R,12:30 pm-01:20 pm,SCIENC 117,"Krebs, C (P)"
PSY,202,01,MWF,09:00 am-09:50 am,WEBB 317,"Fugere, M (P)"
PSY,202,02,MWF,10:00 am-10:50 am,WEBB 317,"Fugere, M (P)"
PSY,203,01,W,04:00 pm-06:45 pm,SCIENC 116,"Christopher, M (P)"
PSY,205,01,MWF,09:00 am-09:50 am,WEBB 212,"Krebs, C (P)"
PSY,205,02,MWF,10:00 am-10:50 am,WEBB 212,"Krebs, C (P)"
PSY,206,01,MW,05:30 pm-06:45 pm,WEBB 214,"Tarricone, D (P)"
PSY,206,02,TR,09:30 am-10:45 am,WEBB 216,"Vasquez-O'Brien, T (P)"
PSY,206,03,TR,05:30 pm-06:45 pm,WEBB 317,"Fulton, S (P)"
PSY,210,01,MWF,11:00 am-11:50 am,WEBB 216,"Leszczynski, J (P)"
PSY,212,01,MWF,02:00 pm-02:50 pm,COMBLD 108,"Keyes, M (P)"
PSY,212,02,MWF,11:00 am-11:50 am,COMBLD 108,"Keyes, M (P)"
PSY,227,01,MWF,08:00 am-09:10 am,WEBB 314,"Cousins, A (P)"
PSY,227,02,TR,08:00 am-09:50 am,WEBB 314,"Kolek, S (P)"
PSY,227,03,TR,11:00 am-12:50 pm,WEBB 314,"Kolek, S (P)"
PSY,246,01,MWF,11:00 am-11:50 am,WEBB 314,"Krebs, C (P)"
PSY,247,01,MWF,12:00 pm-01:10 pm,WEBB 314,"Keyes, M (P)"
PSY,247,02,MW,07:00 pm-08:50 pm,WEBB 314,"Girasoli, A (P)"
PSY,247,03,TR,02:00 pm-03:50 pm,WEBB 314,"Kolek, S (P)"
PSY,302,01,TR,11:00 am-12:15 pm,WEBB 317,"Lee, P (P)"
PSY,302,02,TR,12:30 pm-01:45 pm,WEBB 317,"Lee, P (P)"
PSY,303,01,TR,11:00 am-12:15 pm,WEBB 315,"Bachiochi, P (P)"
PSY,305,01,TR,02:00 pm-03:15 pm,WEBB 216,"Bachiochi, P (P)"
PSY,306,01,MWF,11:00 am-11:50 am,WEBB 315,"Lanagan-Leitzel, L (P)"
PSY,314,01,MWF,08:00 am-08:50 am,WEBB 315,"Leszczynski, J (P)"
PSY,314,02,MWF,09:00 am-09:50 am,WEBB 315,"Leszczynski, J (P)"
PSY,315,01X,MWF,12:00 pm-12:50 pm,WEBB 317,"Cousins, A (P)"
PSY,318,01,MWF,12:00 pm-12:50 pm,WEBB 315,"Lanagan-Leitzel, L (P)"
PSY,319,01,MWF,01:00 pm-01:50 pm,WEBB 317,"Cousins, A (P)"
PSY,327,01,MW,04:00 pm-05:15 pm,WEBB 206,"Bachiochi, P (P)"
PSY,327,01, ,TBA,TBA,"Bachiochi, P (P)"
PSY,327,02,TR,04:00 pm-05:15 pm,WEBB 314,"Vasquez-O'Brien, T (P)"
PSY,327,02, ,TBA,TBA,"Vasquez-O'Brien, T (P)"
PSY,327,03,TR,09:30 am-10:45 am,SCIENC 234,"Scisco, J (P)"
PSY,327,03, ,TBA,TBA,"Scisco, J (P)"
PSY,390,01,W,10:00 am-10:50 am,WEBB 407,"Cousins, A (P)"
PSY,390,02,M,02:00 pm-02:50 pm,SCIENC 115,"Krebs, C (P)"
PSY,407,01,MWF,01:00 pm-01:50 pm,WEBB 216,"Krebs, C (P)"
PSY,409,01,TR,08:00 am-09:15 am,WEBB 313,"Cordon, L (P)"
PSY,409,02,TR,09:30 am-10:45 am,WEBB 313,"Cordon, L (P)"
PSY,410,01,TR,04:00 pm-05:15 pm,WEBB 315,"Lee, P (P)"
PSY,417,01,MWF,08:00 am-08:50 am,WEBB 216,"Diller, J (P)"
PSY,418,01,TR,02:00 pm-03:15 pm,WEBB 214,"Scisco, J (P)"
PSY,419,01,TR,12:30 pm-01:45 pm,WEBB 313,"Cordon, L (P)"
PSY,419,02,TR,02:00 pm-03:15 pm,WEBB 313,"Cordon, L (P)"
PSY,434,01,TR,12:30 pm-01:45 pm,WEBB 216,"Vasquez-O'Brien, T (P)"
PSY,435,01,MWF,12:00 pm-12:50 pm,WEBB 216,"Leszczynski, J (P)"
PSY,450,01,MWF,02:00 pm-02:50 pm,WEBB 213,"Salters-Pedneault, K (P)"
PSY,460,01,TR,11:00 am-12:15 pm,WEBB 112,"Scisco, J (P)"
PSY,471,01,M,10:00 am-10:50 am,WEBB 216,"Leszczynski, J (P), Vasquez-O'Brien, T"
PSY,480,01, ,TBA,TBA,"Diller, J (P)"
PSY,480,02, ,TBA,TBA,"Bachiochi, P (P)"
PSY,480,03, ,TBA,TBA,"Bachiochi, P (P)"
PSY,480,04, ,TBA,TBA,"Lanagan-Leitzel, L (P)"
PSY,480,05, ,TBA,TBA,"Kolek, S (P)"
PSY,480,06, ,TBA,TBA,"Bachiochi, P (P)"
PSY,480,07, ,TBA,TBA,"Cordon, L (P)"
PSY,490,01, ,TBA,TBA,"Keyes, M (P)"
PSY,490,02, ,TBA,TBA,"Scisco, J (P)"
PSY,490,03, ,TBA,TBA,"Leszczynski, J (P)"
PSY,490,04, ,TBA,TBA,"Lee, P (P)"
PSY,490,05, ,TBA,TBA,TBA
PSY,490,06, ,TBA,TBA,"Bachiochi, P (P)"
PSY,490,07, ,TBA,TBA,"Salters-Pedneault, K (P)"
PSY,490,08, ,TBA,TBA,"Krebs, C (P)"
PSY,490,09, ,TBA,TBA,"Kolek, S (P)"
PSY,490,10, ,TBA,TBA,"Fugere, M (P)"
PSY,490,11, ,TBA,TBA,"Cousins, A (P)"
PSY,491,01, ,TBA,TBA,"Leszczynski, J (P)"
PSY,491,02, ,TBA,TBA,"Scisco, J (P)"
PSY,491,03, ,TBA,TBA,"Leszczynski, J (P)"
PSY,491,04, ,TBA,TBA,"Diller, J (P)"
PSY,491,05, ,TBA,TBA,"Salters-Pedneault, K (P)"
PSY,491,06, ,TBA,TBA,"Lanagan-Leitzel, L (P)"
PSY,491,07, ,TBA,TBA,"Kolek, S (P)"
PSY,491,08, ,TBA,TBA,"Kolek, S (P)"
PSY,491,09, ,TBA,TBA,"Scisco, J (P)"
PSY,491,10, ,TBA,TBA,"Kolek, S (P)"
PSY,491,11, ,TBA,TBA,"Lee, P (P)"
PSY,491,12, ,TBA,TBA,"Cousins, A (P)"
PSY,491,13, ,TBA,TBA,"Fugere, M (P)"
PSY,491,14, ,TBA,TBA,"Krebs, C (P)"
PSY,491,15, ,TBA,TBA,"Vasquez-O'Brien, T (P)"
PSY,496,01V,M,04:00 pm-04:50 pm,WEBB 115,"Lee, P (P)"
PSY,496,02V,F,09:00 am-09:50 am,WEBB 115,"Salters-Pedneault, K (P)"
PSY,497,01, ,TBA,TBA,"Bachiochi, P (P)"
PSY,498,01, ,TBA,TBA,TBA
PBH,206,01,MWF,11:00 am-11:50 am,GODDAR 201,"Walters, S (P)"
PBH,209,01X,M,04:00 pm-06:45 pm,GODDAR 216,"Carroll, S (P)"
PBH,209,02X,TR,04:00 pm-05:15 pm,GODDAR 208,"Clements, S (P)"
PBH,228,01,TR,12:30 pm-01:45 pm,GODDAR 223,"Serrano, M (P)"
PBH,228,02,TR,04:00 pm-05:15 pm,GODDAR 202,"Serrano, M (P)"
PBH,301,01X,T,04:00 pm-06:45 pm,SCIENC 116,"Cowles, E (P)"
PBH,302,01X,T,09:30 am-11:20 am,SCIENC 341,"Murdoch, B (P)"
PBH,302,02X,T,12:30 pm-02:20 pm,SCIENC 341,"Murdoch, B (P)"
PBH,330,01,MWF,10:00 am-10:50 am,GODDAR 208,"Walters, S (P)"
PBH,350,01,TR,11:00 am-12:15 pm,GODDAR 223,"Carroll, S (P)"
PBH,440,01,TR,02:00 pm-03:15 pm,GODDAR 208,"Blancaflor, S (P)"
PBH,494,01, ,TBA,TBA,"Carroll, S (P)"
PBH,494,02, ,TBA,TBA,"Carroll, S (P)"
PBH,494,03, ,TBA,TBA,"Carroll, S (P)"
PBH,494,04, ,TBA,TBA,"Walters, S (P)"
RLA,696,01, ,TBA,TBA,TBA
SWK,200,01,R,12:30 pm-03:15 pm,SCIENC 137,"Trubey, P (P)"
SWK,300,01,R,12:30 pm-03:15 pm,WEBB 213,"Nightingale, S (P)"
SWK,300,02,T,12:30 pm-03:15 pm,WEBB 215,"Stanton, M (P)"
SWK,312,01,R,12:30 pm-03:15 pm,WEBB 215,"Stanton, M (P)"
SWK,312,02,T,12:30 pm-03:15 pm,SCIENC 137,"Rodriguez, D (P)"
SWK,320,01,T,08:00 am-10:45 am,WEBB 114,"Rodriguez, D (P)"
SWK,320,02,T,08:00 am-10:45 am,WEBB 215,"Matthews-Armstead, E (P)"
SWK,333,01,R,08:00 am-10:45 am,WEBB 215,"Stanton, M (P)"
SWK,333,01,R,11:00 am-11:50 am,WEBB 206,"Stanton, M (P)"
SWK,333,02,R,08:00 am-10:45 am,WEBB 213,"Nightingale, S (P)"
SWK,333,02,R,11:00 am-11:50 am,SCIENC 234,"Nightingale, S (P)"
SWK,360,01,T,04:00 pm-06:45 pm,LIBRAR 436,"Rijs, J (P)"
SWK,420,01,T,08:00 am-10:45 am,WEBB 213,"Nightingale, S (P)"
SWK,420,02,T,04:00 pm-06:45 pm,WEBB 112,"Keane, D (P)"
SWK,450,01,T,12:30 pm-03:15 pm,WEBB 213,"Matthews-Armstead, E (P)"
SWK,450,02,T,12:30 pm-03:15 pm,GODDAR 202,"Lewis, J (P)"
SWK,450,03,T,12:30 pm-03:15 pm,GODDAR 204,"Pimental, C (P)"
SWK,480,01, ,TBA,TBA,"Nightingale, S (P)"
SWK,480,02, ,TBA,TBA,"Stanton, M (P)"
SWK,480,03, ,TBA,TBA,"Stanton, M (P)"
SWK,480,04, ,TBA,TBA,"Stanton, M (P)"
SOC,100,01,TR,02:00 pm-03:15 pm,WEBB 317,"Simon, N (P)"
SOC,100,02,MWF,11:00 am-11:50 am,WEBB 212,"Babar, S (P)"
SOC,100,03,MWF,12:00 pm-12:50 pm,WEBB 212,"Babar, S (P)"
SOC,100,04,MWF,09:00 am-09:50 am,GODDAR 216,"McCarty, G (P)"
SOC,100,05,MWF,10:00 am-10:50 am,GODDAR 216,"McCarty, G (P)"
SOC,100,06,TR,04:00 pm-05:15 pm,WEBB 313,"Breslin, D (P)"
SOC,201,01,W,09:00 am-09:50 am,WEBB 216,"Simon, N (P)"
SOC,220,01,T,07:00 pm-09:45 pm,WEBB 214,"Azzaro, E (P)"
SOC,240,01X,TR,11:00 am-12:15 pm,WEBB 313,"Burns, N (P)"
SOC,250,01,TR,02:00 pm-03:15 pm,COMBLD 109,"Breslin, D (P)"
SOC,300,01,TR,09:30 am-10:45 am,WEBB 210,"Simon, N (P)"
SOC,307,01,MWF,09:00 am-09:50 am,WEBB 313,"Severance, T (P)"
SOC,310,01X,M,07:00 pm-09:45 pm,SCIENC 116,"Westberry, B (P)"
SOC,311,01,TR,09:30 am-10:45 am,WEBB 214,"Parsons, N (P)"
SOC,318,01,M,04:00 pm-06:45 pm,SCIENC 116,"Westberry, B (P)"
SOC,325,01,M,07:00 pm-09:45 pm,WEBB 313,"Azzaro, E (P)"
SOC,346,01,R,04:00 pm-06:45 pm,SCIENC 116,"Brown, S (P)"
SOC,350,01,TR,02:00 pm-03:50 pm,GODDAR 223,"Kurti, M (P)"
SOC,350,02,TR,11:00 am-12:50 pm,WEBB 114,"Kurti, M (P)"
SOC,351,01,TR,11:00 am-12:50 pm,WEBB 307,"Parsons, N (P)"
SOC,351,02,TR,02:00 pm-03:50 pm,SCIENC 115,"Parsons, N (P)"
SOC,400,01,TR,11:00 am-12:50 pm,WEBB 210,"Simon, N (P)"
SOC,480,01, ,TBA,TBA,"Simon, N (P)"
SOC,480,02, ,TBA,TBA,"Pesta, R (P)"
SOC,480,03, ,TBA,TBA,"Lugo, W (P)"
SOC,480,04, ,TBA,TBA,"Simon, N (P)"
SOC,480,05, ,TBA,TBA,"Lugo, W (P)"
SOC,490,01, ,TBA,TBA,"Simon, N (P)"
SOC,490,02, ,TBA,TBA,"Simon, N (P)"
SOC,491,01, ,TBA,TBA,"Simon, N (P)"
SOC,491,02, ,TBA,TBA,"Simon, N (P)"
SOC,492,01, ,TBA,TBA,"Simon, N (P)"
SOC,492,02, ,TBA,TBA,"Parsons, N (P)"
SOC,492,03, ,TBA,TBA,"Simon, N (P)"
SOC,493,01, ,TBA,TBA,"Simon, N (P)"
SOC,493,02, ,TBA,TBA,"Simon, N (P)"
SPA,111,01,MWF,11:00 am-11:50 am,WEBB 112,"Vijayasekar, J (P)"
SPA,111,02,MWF,09:00 am-09:50 am,SCIENC 134,"Parera, M (P)"
SPA,111,03,MW,05:30 pm-06:45 pm,SCIENC 134,"Jendrewski, R (P)"
SPA,211,01,MWF,10:00 am-10:50 am,WEBB 114,"Armstrong, N (P)"
SPA,219,01X,M,04:00 pm-06:45 pm,WEBB 112,"Erik-Soussi, A (P)"
SPA,311,01,MWF,12:00 pm-12:50 pm,GODDAR 201,"Parera, M (P)"
SPA,404,01,TR,11:00 am-12:15 pm,SPORT 219,"Pena Alicea, G (P)"
SPA,480,01, ,TBA,TBA,TBA
SPA,490,01, ,TBA,TBA,"Armstrong, N (P)"
SPA,492,01, ,TBA,TBA,"Chan, K (P)"
SPA,492,02, ,TBA,TBA,"Chan, K (P)"
SPA,492,03, ,TBA,TBA,"Chan, K (P)"
SPA,492,04, ,TBA,TBA,"Vijayasekar, J (P)"
THE,174,01,TR,09:30 am-10:45 am,FAIC 219,"Cobb, J (P)"
THE,226,01, ,TBA,TBA,"Sokolovskaya, A (P)"
THE,227,01, ,TBA,TBA,"Wadecki, J (P)"
THE,227,02, ,TBA,TBA,"Morgan, K (P)"
THE,227,03, ,TBA,TBA,"Welles, R (P)"
THE,227,04, ,TBA,TBA,TBA
THE,227,05, ,TBA,TBA,TBA
THE,227,06, ,TBA,TBA,"Welles, R (P)"
THE,227,07, ,TBA,TBA,"Sokolovskaya, A (P)"
THE,227,08, ,TBA,TBA,TBA
THE,228,01, ,TBA,TBA,"Pellegrini, D (P)"
THE,228,02, ,TBA,TBA,"Bright-Holland, A (P)"
THE,265,01,TR,11:00 am-12:50 pm,FAIC 115,"Pellegrini, D (P)"
THE,272,01,TR,02:00 pm-03:15 pm,FAIC 215,"Cobb, J (P)"
THE,276,01,TR,04:00 pm-05:15 pm,FAIC 118,"Golebiewski, T (P)"
THE,277,01,M,04:00 pm-06:45 pm,WEBB 314,"Golebiewski, T (P)"
THE,278,01,TR,04:00 pm-05:15 pm,FAIC 251,"Sokolovskaya, A (P)"
THE,279,01,TR,12:30 pm-01:45 pm,COMBLD 109,"Sokolovskaya, A (P)"
THE,280,01,TR,09:30 am-10:45 am,FAIC 117,"O'Brien, M (P)"
THE,280,01,TR,09:30 am-10:45 am,FAIC 243,"O'Brien, M (P)"
THE,281,01,W,04:00 pm-06:45 pm,FAIC 243,"Houldcroft, T (P)"
THE,308,01X,M,04:00 pm-06:45 pm,FAIC 115,"Flood, R (P)"
THE,365,01,TR,12:30 pm-01:45 pm,FAIC 219,"Cobb, J (P)"
THE,392,01, ,TBA,TBA,TBA
THE,474,01,TR,04:00 pm-05:15 pm,FAIC 219,"Bright-Holland, A (P)"
THE,475,01, ,TBA,TBA,"Sokolovskaya, A (P), Bright-Holland, A , Cobb, J"
THE,480,01, ,TBA,TBA,"Cobb, J (P)"
THE,480,02, ,TBA,TBA,"Morgan, K (P)"
THE,480,03, ,TBA,TBA,"Cobb, J (P)"
THE,480,04, ,TBA,TBA,"Morgan, K (P)"
THE,480,05, ,TBA,TBA,"Golebiewski, T (P)"
THE,480,06, ,TBA,TBA,"Flood, R (P)"
THE,480,07, ,TBA,TBA,"Pellegrini, D (P)"
THE,480,08, ,TBA,TBA,"Pellegrini, D (P)"
THE,480,09, ,TBA,TBA,"Sokolovskaya, A (P)"
THE,480,10, ,TBA,TBA,"Golebiewski, T (P)"
THE,481,01, ,TBA,TBA,"Golebiewski, T (P)"
THE,495,01, ,TBA,TBA,"Morgan, K (P)"
WST,240,01X,TR,11:00 am-12:15 pm,WEBB 313,"Burns, N (P)"
WST,260,01X,TR,12:30 pm-01:45 pm,GODDAR 208,"Abbatemarco, A (P)"
WST,260,02X,TR,11:00 am-12:15 pm,GODDAR 208,"Abbatemarco, A (P)"
WST,260,03X,MWF,09:00 am-09:50 am,WEBB 113,"Rochon, R (P)"
WST,310,01X,M,07:00 pm-09:45 pm,SCIENC 116,"Westberry, B (P)"
WST,315,01X,MWF,12:00 pm-12:50 pm,WEBB 317,"Cousins, A (P)"
WST,480,01, ,TBA,TBA,TBA
WST,481,01, ,TBA,TBA,TBA
WST,490,01, ,TBA,TBA,"Nightingale, S (P)"
WST,491,01, ,TBA,TBA,TBA
WLC,492,01, ,TBA,TBA,TBA
